,UNIQUE_ID,COLLISION_ID,CRASH_DATE,CRASH_TIME,PERSON_ID,PERSON_TYPE,PERSON_INJURY,VEHICLE_ID,PERSON_AGE,EJECTION,EMOTIONAL_STATUS,BODILY_INJURY,POSITION_IN_VEHICLE,SAFETY_EQUIPMENT,PED_LOCATION,PED_ACTION,COMPLAINT,PED_ROLE,CONTRIBUTING_FACTOR_1,CONTRIBUTING_FACTOR_2,PERSON_SEX
58378,11986497,4467280.0,2021-09-29,8:00,78efbfad-ca57-4ea2-949a-8ad5658514e3,Occupant,Injured,20084251.0,33.0,Not Ejected,Conscious,Back,"Front passenger, if two or more persons, including the driver, are in the front seat",Lap Belt & Harness,,,Complaint of Pain or Nausea,Passenger,,,F
58448,11986434,4466993.0,2021-10-12,15:30,a0b38d01-f64d-4312-854a-d914f8cfce2c,Occupant,Unspecified,20084211.0,43.0,,,,,,,,,Registrant,,,M
59374,11983513,4466623.0,2021-10-12,7:05,48a40b9b-93dd-4076-ae6b-1524c962c4cf,Occupant,Unspecified,20082529.0,55.0,Not Ejected,Does Not Apply,Does Not Apply,Driver,Unknown,,,Does Not Apply,Driver,,,M
59436,11984114,4466638.0,2021-10-12,19:21,093a315a-aa18-4d8a-a5ca-dd98e754b76a,Occupant,Unspecified,20082861.0,50.0,Not Ejected,Does Not Apply,Does Not Apply,Driver,Lap Belt & Harness,,,Does Not Apply,Driver,,,M
62586,11986833,4466965.0,2021-10-12,17:34,f9541b28-ffac-4fdb-8a88-d9b2cda0721c,Occupant,Unspecified,20084457.0,54.0,Not Ejected,Does Not Apply,Does Not Apply,Driver,Lap Belt & Harness,,,Does Not Apply,Driver,,,M
62701,11984995,4466759.0,2021-10-12,14:56,da2ec790-0e86-460c-9f56-56a879c47019,Occupant,Unspecified,20083395.0,,,,,,,,,,Registrant,,,M
62868,11986477,4464159.0,2021-09-27,12:38,854dc446-c9e5-4d61-9eb3-cbabe9653e97,Occupant,Unspecified,20084242.0,40.0,Not Ejected,Does Not Apply,Does Not Apply,Driver,Lap Belt,,,Does Not Apply,Driver,,,F
63361,11984293,4466557.0,2021-10-12,8:15,0437cb35-738c-4a86-a64d-40a7af9823cf,Occupant,Unspecified,20082963.0,46.0,Not Ejected,Does Not Apply,Does Not Apply,Driver,Lap Belt & Harness,,,Does Not Apply,Driver,,,M
64008,11986380,4467129.0,2021-10-11,13:50,5658e128-3888-4691-a66e-68418ff49a4c,Occupant,Unspecified,20084182.0,70.0,Not Ejected,Does Not Apply,Does Not Apply,Driver,Lap Belt,,,Does Not Apply,Driver,,,M
64035,11986967,4465398.0,2021-10-08,17:18,28c8fb6d-bafe-4273-a32e-9a188f387c71,Occupant,Unspecified,20084529.0,39.0,,,,,,,,,Registrant,,,F
71016,11986932,4467085.0,2021-09-28,10:51,8b959ee6-6e57-4dc6-9f29-8e8d1ffb33b8,Occupant,Unspecified,20084512.0,58.0,Not Ejected,Does Not Apply,Does Not Apply,Driver,Lap Belt & Harness,,,Does Not Apply,Driver,,,M
71641,11983740,4466591.0,2021-10-12,10:10,b9249d40-bb94-48a9-a887-b6458c730d18,Occupant,Unspecified,20082658.0,77.0,Not Ejected,Does Not Apply,Does Not Apply,Driver,Lap Belt & Harness,,,Does Not Apply,Driver,,,M
71912,11984751,4466578.0,2021-10-12,15:32,02bebda9-24e9-4083-b253-fe9001ddefa4,Occupant,Unspecified,20083247.0,,,,,,,,,,Registrant,,,
76627,11983640,4466655.0,2021-10-12,12:47,9e2dd251-9733-4430-9705-f70a35c87c2e,Occupant,Unspecified,20082600.0,36.0,Not Ejected,Does Not Apply,Does Not Apply,Driver,Lap Belt & Harness,,,Does Not Apply,Driver,,,M
76873,11986478,4464159.0,2021-09-27,12:38,d9124feb-bc11-4df0-b2b8-ba663782f499,Occupant,Unspecified,20084241.0,33.0,,,,,,,,,Registrant,,,F
77493,11984763,4466619.0,2021-10-12,23:15,8a5ef578-b1b1-4338-9fd7-6223a6631e99,Occupant,Unspecified,20083256.0,28.0,,,,,,,,,Registrant,,,M
82735,12221314,4528689.0,2021-03-24,19:15,ff114720-edad-4bed-8cc9-981d831af032,Occupant,Unspecified,20219505.0,,,,,,,,,,Registrant,,,M
84361,11984101,4466636.0,2021-10-12,10:15,9e8d76bf-acc7-4f08-a130-18af51622f50,Other Motorized,Unspecified,20082854.0,32.0,Not Ejected,Does Not Apply,Does Not Apply,Driver,Helmet (Motorcycle Only),,,Does Not Apply,Driver,,,M
84396,11987017,4467272.0,2021-10-12,18:05,dae6bbf2-f965-4957-82e5-1c6463bff061,Occupant,Unspecified,20084557.0,,,,,,,,,,Registrant,,,U
95442,11986545,4467059.0,2021-10-05,16:33,dc99810f-db5c-491e-8d8d-b2a4dd89304f,Pedestrian,Injured,,43.0,,Conscious,Knee-Lower Leg Foot,,,Pedestrian/Bicyclist/Other Pedestrian at Intersection,Crossing Against Signal,Complaint of Pain or Nausea,Pedestrian,Unspecified,Unspecified,F
113420,11984702,4466594.0,2021-10-12,5:25,9c0950cf-c81c-48e8-a140-2901ed40d154,Occupant,Unspecified,20083224.0,65.0,Not Ejected,Does Not Apply,Does Not Apply,Driver,Unknown,,,Does Not Apply,Driver,,,M
113615,11986195,4466926.0,2021-09-25,10:30,d6549d5f-4ffa-466d-96fa-cde425b1c1e3,Occupant,Unspecified,20084082.0,,,,,,,,,,Registrant,,,U
115681,11597455,4396443.0,2021-03-05,9:25,f383d142-8c75-4b37-8e84-8c6609b1c0e5,Occupant,Unspecified,19857617.0,49.0,Not Ejected,Does Not Apply,Does Not Apply,Driver,Lap Belt & Harness,,,Does Not Apply,Driver,,,M
115716,11596498,4396079.0,2021-03-04,1:30,ec788a7e-acfe-4d3e-8bb3-5f686813fc5b,Occupant,Unspecified,19857062.0,,,,,,,,,,Registrant,,,
130099,11985699,4467109.0,2021-10-12,15:20,e270355a-8caa-4779-a1fa-12eeca917c31,Occupant,Unspecified,20083801.0,11.0,Not Ejected,Does Not Apply,Does Not Apply,"Left rear passenger, or rear passenger on a bicycle, motorcycle, snowmobile",Unknown,,,Does Not Apply,Passenger,,,F
130496,11983703,4466663.0,2021-10-12,17:20,cb47822f-7da7-4e97-ad7a-0129b4224f9a,Occupant,Unspecified,20082638.0,24.0,Not Ejected,Does Not Apply,Does Not Apply,Driver,Unknown,,,Does Not Apply,Driver,,,M
132328,11986591,4466923.0,2021-10-12,20:19,9e854b53-eeb4-4352-984d-824ebd40f0b6,Occupant,Unspecified,20084305.0,30.0,Not Ejected,Does Not Apply,Does Not Apply,Driver,Lap Belt & Harness,,,Does Not Apply,Driver,,,M
133433,11986708,4467183.0,2021-10-08,0:00,2b0dbcee-06d9-467e-acba-8aa0c39b467e,Other Motorized,Injured,20084379.0,53.0,Not Ejected,Conscious,Knee-Lower Leg Foot,Riding/Hanging on Outside,Helmet Only (In-Line Skater/Bicyclist),,,Complaint of Pain or Nausea,Driver,,,M
133511,11985591,4466816.0,2021-10-12,16:20,5707e019-1cd8-471b-8041-c7efc7aa0579,Occupant,Unspecified,20083734.0,38.0,,,,,,,,,Registrant,,,F
133712,11984921,4466746.0,2021-10-12,8:45,055b201c-dc8d-4229-87d6-b0ed0fc05892,Occupant,Unspecified,20083348.0,55.0,Not Ejected,Does Not Apply,Does Not Apply,Driver,Lap Belt & Harness,,,Does Not Apply,Driver,,,F
133969,11986387,4467103.0,2021-10-12,10:05,42ec414c-eb41-45ad-a6aa-fc1cc3e2107c,Occupant,Unspecified,20084184.0,20.0,,,,,,,,,Registrant,,,M
134027,11985831,4422733.0,2021-06-01,16:45,72504e25-225c-479c-ba71-f63408cfed5a,Occupant,Unspecified,20083880.0,,,,,,,,,,Registrant,,,
134095,11599704,4396840.0,2021-03-04,14:15,c99f7a29-ec8d-4fd1-8189-8f4c1f136acb,Occupant,Injured,19858894.0,34.0,Not Ejected,Conscious,Shoulder - Upper Arm,"Front passenger, if two or more persons, including the driver, are in the front seat",Lap Belt & Harness,,,Complaint of Pain or Nausea,Passenger,,,F
134993,11596489,4396016.0,2021-03-03,15:41,9116261a-808b-4691-a818-9da5f50f9190,Occupant,Unspecified,19857060.0,53.0,Not Ejected,Does Not Apply,Does Not Apply,Driver,Lap Belt & Harness,,,Does Not Apply,Driver,,,F
135992,11596193,4396088.0,2021-03-03,13:10,25b87368-b8ba-440a-adc7-56f1c704ba9d,Occupant,Unspecified,19856881.0,,,,,,,,,,Registrant,,,U
136154,11599190,4396843.0,2021-02-21,22:50,a41ffc50-94d1-4f83-a008-0260a1f7c370,Occupant,Unspecified,19858588.0,,,,,,,,,,Registrant,,,M
141805,11986327,4467049.0,2021-10-12,17:05,b303ff8a-c6e2-41c2-abe5-e79290e7cc77,Occupant,Unspecified,20084149.0,71.0,Not Ejected,Does Not Apply,Does Not Apply,Driver,Lap Belt & Harness,,,Does Not Apply,Driver,,,M
141909,11600155,4396778.0,2021-03-04,20:28,b8da8359-2c1b-4f7e-85fb-cb3654cc875f,Occupant,Unspecified,19859193.0,62.0,Not Ejected,Does Not Apply,Does Not Apply,Driver,Unknown,,,Does Not Apply,Driver,,,M
142206,11597067,4396338.0,2021-03-04,13:00,20e79dc1-f9bf-472f-959e-f4814c11f3db,Occupant,Unspecified,19857380.0,42.0,,,,,,,,,Registrant,,,M
142249,11596750,4396318.0,2021-03-04,15:30,9e22785a-2ef5-4e66-984a-9be2c00b30aa,Occupant,Unspecified,19857212.0,24.0,,,,,,,,,Registrant,,,M
143444,11597974,4396470.0,2021-03-04,7:00,42fe0406-0d54-445b-b13b-344d737226f7,Occupant,Unspecified,19857916.0,48.0,Not Ejected,Does Not Apply,Does Not Apply,Driver,Lap Belt & Harness,,,Does Not Apply,Driver,,,M
165466,12185010,4480368.0,2021-11-22,6:33,62f50a30-ee52-4739-807e-f49943590433,Pedestrian,Injured,,33.0,,Unconscious,Entire Body,,,Pedestrian/Bicyclist/Other Pedestrian at Intersection,Crossing With Signal,Internal,Pedestrian,Unspecified,Unspecified,F
204291,11596764,4396311.0,2021-03-05,1:25,1c19d15e-e4aa-4a16-91ca-12eeab7497d8,Occupant,Unspecified,19857218.0,38.0,Not Ejected,Does Not Apply,Does Not Apply,"Front passenger, if two or more persons, including the driver, are in the front seat",Lap Belt,,,Does Not Apply,Passenger,,,M
204317,11598840,4397101.0,2021-03-01,12:15,9c059969-7179-49b1-bb9f-04174d626335,Occupant,Unspecified,19858393.0,,,,,,,,,,Registrant,,,U
204495,11598233,4396640.0,2021-03-01,16:30,7592dce4-44a6-4dbc-8402-4ca444074d1f,Occupant,Unspecified,19858055.0,36.0,Not Ejected,Does Not Apply,Does Not Apply,Driver,Lap Belt & Harness,,,Does Not Apply,Driver,,,M
204767,11597336,4396269.0,2021-03-04,17:00,0f2f2a75-9bc3-4bb7-bb46-11b58bd2f476,Occupant,Unspecified,,,,,,,,,,,Witness,,,
217546,12200155,4484395.0,2021-12-02,14:30,1923853b-a6e7-420c-b274-dc2835e1a486,Occupant,Unspecified,20207579.0,,,,,,,,,,Registrant,,,
252860,11985960,4466967.0,2021-10-08,11:30,4058e84f-6928-4332-adda-cdcfcfaeb047,Pedestrian,Injured,,46.0,,Conscious,Knee-Lower Leg Foot,,,Pedestrian/Bicyclist/Other Pedestrian at Intersection,Does Not Apply,Fracture - Distorted - Dislocation,Pedestrian,Unspecified,Unspecified,M
254538,11985985,4467275.0,2021-10-09,4:21,42c8e010-ae5d-48cf-8c57-e0db4572185e,Occupant,Injured,20083959.0,31.0,Not Ejected,Conscious,Head,Unknown,Unknown,,,Complaint of Pain or Nausea,Driver,,,M
254592,11986384,4467103.0,2021-10-12,10:05,d5e2f3cf-fb38-477d-afb7-c6d5570cbea1,Occupant,Unspecified,20084184.0,20.0,Not Ejected,Does Not Apply,Does Not Apply,Driver,Lap Belt & Harness,,,Does Not Apply,Driver,,,M
254613,11983674,4466459.0,2021-10-12,6:10,7e32969b-b988-4881-83cb-2ece84891993,Occupant,Unspecified,20082618.0,40.0,,,,,,,,,Registrant,,,M
254901,11984851,4466553.0,2021-10-12,14:10,a69055c6-3fd1-496a-bc31-07ddffd26219,Occupant,Unspecified,20083300.0,62.0,Not Ejected,Does Not Apply,Does Not Apply,Driver,Lap Belt & Harness,,,Does Not Apply,Driver,,,M
255081,11986109,4465909.0,2021-10-10,9:30,b486b38c-ce54-4f6f-9a91-3466d2dedb54,Occupant,Unspecified,20084029.0,67.0,,,,,,,,,Registrant,,,M
261269,11987012,4467256.0,2021-10-12,15:59,3468d6c4-df4c-4479-8b87-75de7de36d47,Occupant,Unspecified,20084556.0,3.0,Not Ejected,Does Not Apply,Does Not Apply,Right rear passenger or motorcycle sidecar passenger,Child Restraint Only,,,Does Not Apply,Passenger,,,F
262202,11984994,4466759.0,2021-10-12,14:56,37e4a76a-db73-4482-ba17-5184ccaec2f4,Other Motorized,Injured,20083394.0,54.0,Not Ejected,Conscious,Head,Driver,Unknown,,,Complaint of Pain or Nausea,Driver,,,M
262296,11598343,4396101.0,2021-03-02,7:40,07f20052-686f-474c-8b7d-8c498e0939a2,Occupant,Injured,19858119.0,31.0,Not Ejected,Conscious,Neck,"Any person in the rear of a station wagon, pick-up truck, all passengers on a bus, etc",None,,,Complaint of Pain or Nausea,Passenger,,,F
262662,11598140,4396920.0,2021-03-04,17:25,0aee5fb4-eb5b-45a9-b675-f3eea4a56e87,Occupant,Unspecified,19858007.0,27.0,,,,,,,,,Registrant,,,F
264187,11597860,4396524.0,2021-03-05,19:11,9be78964-8a97-4718-8d2e-e4e4c25bb139,Occupant,Unspecified,19857845.0,36.0,,,,,,,,,Registrant,,,M
264255,11599303,4396734.0,2021-03-01,13:00,a3cef410-f748-42db-96ca-0e6873db70b2,Occupant,Unspecified,19858657.0,39.0,Not Ejected,Does Not Apply,Does Not Apply,Driver,Lap Belt & Harness,,,Does Not Apply,Driver,,,M
264759,11986320,4467048.0,2021-10-12,14:50,da86710a-2f04-4175-a442-fab6ab5d5341,Occupant,Injured,20084147.0,24.0,Not Ejected,Conscious,Back,Driver,Lap Belt,,,Complaint of Pain or Nausea,Driver,,,M
270290,11599290,4396932.0,2021-02-24,8:30,3f513e8b-7f14-40e1-9860-5c52d657c555,Occupant,Unspecified,19858648.0,41.0,Not Ejected,Does Not Apply,Does Not Apply,Driver,Lap Belt & Harness,,,Does Not Apply,Driver,,,F
270405,11985082,4466710.0,2021-10-12,7:28,2f16201e-5099-4b88-9131-8eecb3f036cf,Occupant,Unspecified,20083439.0,50.0,Not Ejected,Does Not Apply,Does Not Apply,Driver,None,,,Does Not Apply,Driver,,,F
272143,11984466,4466506.0,2021-10-12,9:35,f119b979-74b1-4e66-a1c9-4616d4b432e3,Occupant,Unspecified,20083087.0,56.0,Not Ejected,Does Not Apply,Does Not Apply,Driver,Lap Belt,,,Does Not Apply,Driver,,,M
272719,11986710,4467183.0,2021-10-08,0:00,152bc2de-4040-4fe9-961f-f716fbc4ecd2,Occupant,Unspecified,20084378.0,36.0,,,,,,,,,Registrant,,,M
272922,11986795,4467094.0,2021-10-11,14:00,4b0baf78-e693-409b-9734-6a6854e27e23,Occupant,Unspecified,20084429.0,36.0,,,,,,,,,Registrant,,,M
273692,11983672,4466459.0,2021-10-12,6:10,b47322ec-f10b-42c2-bb2f-5ae4c914130b,Occupant,Unspecified,20082619.0,36.0,,,,,,,,,Registrant,,,M
274850,11984013,4466571.0,2021-10-12,15:20,d41c4ef7-6511-4d5d-9c21-972a1ced0479,Occupant,Unspecified,20082806.0,39.0,Not Ejected,Does Not Apply,Does Not Apply,Right rear passenger or motorcycle sidecar passenger,Lap Belt & Harness,,,Does Not Apply,Passenger,,,M
275068,11984841,4466507.0,2021-10-12,11:18,bb1103c2-7acd-4c9e-8e51-eeaf6177cdfb,Other Motorized,Injured,20083294.0,43.0,Not Ejected,Conscious,Knee-Lower Leg Foot,Driver,Helmet (Motorcycle Only),,,None Visible,Driver,,,M
275157,11986883,4461988.0,2021-09-27,21:00,61a22978-21e6-45b7-a3dc-bfe8159ae089,Occupant,Unspecified,20084481.0,35.0,,,,,,,,,Registrant,,,F
276518,11986110,4465909.0,2021-10-10,9:30,04a3c5aa-1077-4a83-a1c9-6d2b8982d1f7,Occupant,Injured,20084029.0,67.0,Not Ejected,Conscious,Chest,Driver,Lap Belt & Harness,,,Complaint of Pain or Nausea,Driver,,,M
278479,11984110,4466639.0,2021-10-12,16:03,4576e545-f824-42ec-b9e5-d64ecde8edde,Occupant,Unspecified,20082858.0,62.0,Not Ejected,Does Not Apply,Does Not Apply,Driver,Unknown,,,Does Not Apply,Driver,,,M
280148,11599763,4397060.0,2021-03-05,23:30,034f6a1d-f934-4708-a661-dbc11b4f1e8d,Occupant,Unspecified,19858937.0,22.0,Not Ejected,Does Not Apply,Does Not Apply,"Front passenger, if two or more persons, including the driver, are in the front seat",Lap Belt & Harness,,,Does Not Apply,Passenger,,,M
281135,11599844,4397001.0,2021-03-05,12:55,5f26db59-79fc-438b-b077-759ae179d1d7,Occupant,Unspecified,19858988.0,31.0,Not Ejected,Does Not Apply,Does Not Apply,Driver,Lap Belt & Harness,,,Does Not Apply,Driver,,,M
281222,11597183,4396288.0,2021-03-04,7:40,efb14876-cb8a-4d9e-97a2-05ae526595e1,Occupant,Unspecified,19857456.0,52.0,,,,,,,,,Registrant,,,M
281493,11599515,4396813.0,2021-03-04,7:30,bd1293bd-16d4-4288-8d0a-e87060616d5c,Occupant,Unspecified,19858785.0,36.0,,,,,,,,,Registrant,,,M
284515,11597508,4396537.0,2021-03-05,9:07,69f0bf59-4c7e-43aa-bffd-e450ee5c9ed9,Occupant,Unspecified,19857651.0,44.0,Not Ejected,Does Not Apply,Does Not Apply,Driver,Lap Belt & Harness,,,Does Not Apply,Driver,,,M
285165,11598825,4396580.0,2021-03-03,17:17,9f952a38-c704-4317-a405-c826132a5824,Occupant,Unspecified,19858387.0,36.0,Not Ejected,Does Not Apply,Does Not Apply,Driver,Lap Belt & Harness,,,Does Not Apply,Driver,,,M
354746,11986847,4466971.0,2021-10-12,22:15,3293cb15-1093-4f52-a372-72374fe67196,Occupant,Unspecified,20084461.0,28.0,Not Ejected,Does Not Apply,Does Not Apply,"Front passenger, if two or more persons, including the driver, are in the front seat",Lap Belt & Harness,,,Does Not Apply,Passenger,,,F
355343,11983796,4466683.0,2021-10-12,12:44,46f63f33-6065-48a5-aa28-09c3a20d8b10,Occupant,Unspecified,20082693.0,48.0,,,,,,,,,Registrant,,,F
355779,11985744,4467237.0,2021-10-10,5:20,0ef11879-ab70-4774-bb0d-16a944cf87b3,Occupant,Unspecified,20083829.0,20.0,,,,,,,,,Registrant,,,M
356122,11983653,4466680.0,2021-10-12,20:00,fe065010-db55-49cd-b387-75bc9b5c1ffa,Occupant,Unspecified,20082609.0,34.0,,,,,,,,,Registrant,,,F
372085,11599411,4396828.0,2021-03-02,9:42,9bcf6a72-184a-4bfb-a2be-30db5939a98b,Occupant,Injured,19858728.0,4.0,Not Ejected,Conscious,Back,"Left rear passenger, or rear passenger on a bicycle, motorcycle, snowmobile",Lap Belt & Harness,,,Complaint of Pain or Nausea,Passenger,,,F
373066,11599510,4396563.0,2021-03-05,23:25,506ee1af-84e5-4fb6-b451-4a1748b56e07,Occupant,Unspecified,19858784.0,11.0,Not Ejected,Does Not Apply,Does Not Apply,Right rear passenger or motorcycle sidecar passenger,Lap Belt & Harness,,,Does Not Apply,Passenger,,,M
373430,11598670,4396895.0,2021-02-28,17:10,da9054b4-de9d-43d0-acf0-8005789501e6,Occupant,Unspecified,19858298.0,59.0,Not Ejected,Does Not Apply,Does Not Apply,Driver,Lap Belt,,,Does Not Apply,Driver,,,F
381495,11595998,4395975.0,2021-03-03,12:44,4eba6705-9f7b-4de4-bc4e-159ebc494961,Occupant,Unspecified,19856764.0,28.0,Not Ejected,Does Not Apply,Does Not Apply,Driver,Lap Belt & Harness,,,Does Not Apply,Driver,,,F
381585,11599500,4396810.0,2021-03-04,12:26,bd6715b4-732f-4069-b6e2-2ae44b4433ec,Occupant,Injured,19858778.0,27.0,Not Ejected,Conscious,Neck,Driver,Lap Belt,,,Whiplash,Driver,,,M
383126,11983872,4466570.0,2021-10-12,14:50,90e38157-fee0-4362-86ce-96e2ca03d069,Occupant,Injured,20082732.0,32.0,Not Ejected,Conscious,Head,"Front passenger, if two or more persons, including the driver, are in the front seat",Unknown,,,Complaint of Pain or Nausea,Passenger,,,F
383378,11983968,4466562.0,2021-10-12,13:25,6f5b4dec-9045-4155-8f32-49b0c0bee7b2,Occupant,Unspecified,20082791.0,,,,,,,,,,Registrant,,,
383449,11986476,4464159.0,2021-09-27,12:38,f51c1446-1639-4773-8c48-109aa4a1f826,Occupant,Unspecified,20084242.0,55.0,,,,,,,,,Registrant,,,M
383812,11983853,4466610.0,2021-10-12,8:00,bd7ebbff-8180-47ee-b9dc-1d436b9090f3,Occupant,Unspecified,20082724.0,30.0,,,,,,,,,Registrant,,,F
383869,11987009,4467258.0,2021-10-07,12:45,29216ac0-dcef-468b-a5be-1f3195fdcfb2,Occupant,Unspecified,20084553.0,44.0,,,,,,,,,Registrant,,,M
388480,11985829,4422733.0,2021-06-01,16:45,aeb43e38-cf7a-4ed6-934c-defe800cbe81,Occupant,Injured,20083879.0,31.0,Not Ejected,Conscious,Hip-Upper Leg,"Front passenger, if two or more persons, including the driver, are in the front seat",Lap Belt & Harness,,,None Visible,Driver,,,M
389473,11985689,4467039.0,2021-07-17,12:00,a7633fb7-242c-4dcf-88df-febd43b96c07,Occupant,Unspecified,20083797.0,34.0,Not Ejected,Does Not Apply,Does Not Apply,Driver,Lap Belt,,,Does Not Apply,Driver,,,F
390891,11984570,4466616.0,2021-10-12,16:30,5ede723a-58f3-4eff-ba94-7b58e5c701bd,Occupant,Unspecified,20083139.0,28.0,Not Ejected,Does Not Apply,Does Not Apply,Driver,Lap Belt & Harness,,,Does Not Apply,Driver,,,M
391900,11983577,4466630.0,2021-10-12,6:20,c53100ef-c3e6-40e2-ae34-f2557117088a,Occupant,Unspecified,20082560.0,39.0,Not Ejected,Does Not Apply,Does Not Apply,Driver,Lap Belt & Harness,,,Does Not Apply,Driver,,,M
392313,11986471,4449270.0,2021-08-22,0:26,6e200a2b-4af4-45b1-94fc-c627907c6614,Occupant,Unspecified,20084235.0,27.0,,,,,,,,,Registrant,,,F
393559,11986113,4467172.0,2021-10-08,20:05,0cfaef42-0aef-436e-9c69-0ea786efc670,Occupant,Unspecified,20084030.0,32.0,Ejected,Does Not Apply,Does Not Apply,Driver,Helmet (Motorcycle Only),,,Does Not Apply,Driver,,,M
393821,11985688,4465486.0,2021-10-08,12:45,feb0e104-39e7-4947-b05a-42b55a74e390,Other Motorized,Unspecified,20083796.0,56.0,Ejected,Does Not Apply,Does Not Apply,Driver,None,,,Does Not Apply,Driver,,,M
404821,12200143,4484395.0,2021-12-02,14:30,d3db1ca3-41d1-48af-b444-04fbe88c89d3,Occupant,Unspecified,20207571.0,,,,,,,,,,Registrant,,,
409513,12200142,4484395.0,2021-12-02,14:30,dba9c076-befe-4945-8edc-17405c26ef2c,Occupant,Injured,20207571.0,60.0,Not Ejected,Conscious,Neck,Driver,Lap Belt & Harness,,,Complaint of Pain or Nausea,Driver,,,F
413276,11984438,4466669.0,2021-10-12,18:00,05640c11-0530-444c-87b0-6496d7bb33d5,Pedestrian,Injured,,68.0,,Conscious,Knee-Lower Leg Foot,,,Pedestrian/Bicyclist/Other Pedestrian at Intersection,Crossing With Signal,Complaint of Pain or Nausea,Pedestrian,Unspecified,Unspecified,M
413321,11986877,4467206.0,2021-10-08,19:34,a602376f-6f24-4249-b644-96d896da3bb5,Occupant,Unspecified,20084480.0,22.0,,,,,,,,,Registrant,,,M
413950,11984292,4466557.0,2021-10-12,8:15,04364b69-da9a-4402-8262-99751ba97399,Occupant,Unspecified,20082963.0,46.0,,,,,,,,,Registrant,,,M
420176,11986556,4465257.0,2021-10-06,16:37,88de0bcd-1110-47f7-96ed-289f35ee887e,Occupant,Unspecified,20084280.0,24.0,Not Ejected,Does Not Apply,Does Not Apply,Driver,Lap Belt & Harness,,,Does Not Apply,Driver,,,M
452114,11984733,4466519.0,2021-10-12,6:40,12f811ac-3a61-4f4b-b663-58dedf8287cc,Occupant,Unspecified,20083241.0,43.0,Not Ejected,Does Not Apply,Does Not Apply,"Front passenger, if two or more persons, including the driver, are in the front seat",Lap Belt & Harness,,,Does Not Apply,Passenger,,,F
452122,11985409,4466756.0,2021-10-12,22:00,10627b61-1257-4276-a20a-428c5ad9f615,Occupant,Unspecified,20083619.0,58.0,,,,,,,,,Registrant,,,M
452469,11986919,4463638.0,2021-09-30,16:45,90920c3e-7816-4202-80fd-5af5d97a797b,Occupant,Unspecified,20084502.0,,,,,,,,,,Registrant,,,
452613,11983873,4466570.0,2021-10-12,14:50,e4742450-bb87-44c0-9cb4-54b07647ce54,Occupant,Unspecified,20082732.0,62.0,,,,,,,,,Registrant,,,M
452774,11983744,4466569.0,2021-10-12,16:05,c56a2411-2718-4070-acf5-f572ffa52160,Occupant,Unspecified,20082660.0,22.0,Not Ejected,Does Not Apply,Does Not Apply,Driver,Unknown,,,Does Not Apply,Driver,,,M
453785,12230665,4530686.0,2021-05-23,21:50,3e13974b-08fb-4b14-97f8-639dadfbfc1d,Occupant,Unspecified,20224774.0,,,,,,,,,,Registrant,,,F
454486,11984760,4466619.0,2021-10-12,23:15,3fa2a297-54bd-4fe8-a4dc-cb90c030a5e8,Occupant,Unspecified,20083254.0,33.0,Not Ejected,Does Not Apply,Does Not Apply,Driver,Air Bag Deployed/Lap Belt,,,Does Not Apply,Driver,,,M
455468,11983669,4466459.0,2021-10-12,6:10,92916ccb-4ad2-4a27-93d4-569f6eed67c0,Occupant,Unspecified,20082620.0,,,,,,,,,,Registrant,,,
461450,11985397,4466715.0,2021-10-12,16:18,7f6b6fa9-9be9-4bbc-9994-090f6762e0f3,Occupant,Unspecified,20083615.0,52.0,Not Ejected,Does Not Apply,Does Not Apply,Driver,Lap Belt & Harness,,,Does Not Apply,Driver,,,F
464866,11986181,4465552.0,2021-10-08,12:30,03121129-10e0-4a08-a6af-6837c096fad4,Occupant,Unspecified,20084074.0,,,,,,,,,,Registrant,,,
475125,11596279,4396138.0,2021-03-03,3:45,03253938-5fdf-46c6-8025-d69e38a5de30,Occupant,Unspecified,19856929.0,4.0,Not Ejected,Does Not Apply,Does Not Apply,"Left rear passenger, or rear passenger on a bicycle, motorcycle, snowmobile",Lap Belt,,,Does Not Apply,Passenger,,,M
489430,12200137,4522814.0,2021-11-24,10:00,445a080d-f613-4c8e-bc45-4fc6ce29cd2f,Occupant,Unspecified,20207568.0,,,,,,,,,,Registrant,,,
512842,11984626,4466599.0,2021-10-12,16:30,6090ffc5-45a0-4dc5-a55e-d83e5656889c,Occupant,Injured,20083172.0,52.0,Not Ejected,Conscious,Elbow-Lower-Arm-Hand,"Front passenger, if two or more persons, including the driver, are in the front seat",Lap Belt & Harness,,,Complaint of Pain or Nausea,Passenger,,,F
513609,11985984,4467275.0,2021-10-09,4:21,1ad9598e-9eb3-4f0c-9fe8-f27777b8ec89,Occupant,Unspecified,20083958.0,43.0,Not Ejected,Does Not Apply,Does Not Apply,Driver,Lap Belt & Harness,,,Does Not Apply,Driver,,,M
514585,11984568,4466616.0,2021-10-12,16:30,b12bbe69-9b2d-452b-ac3c-cc5af5de8899,Occupant,Unspecified,20083138.0,32.0,Not Ejected,Does Not Apply,Does Not Apply,Driver,Lap Belt & Harness,,,Does Not Apply,Driver,,,M
514815,11985242,4466797.0,2021-10-12,19:01,fdb592d0-517b-4b34-bd6b-f7bffcaf4ac5,Occupant,Unspecified,20083526.0,59.0,Not Ejected,Does Not Apply,Does Not Apply,Driver,Lap Belt & Harness,,,Does Not Apply,Driver,,,M
514843,11984836,4466504.0,2021-10-12,8:10,5127c790-a4c4-4f00-b75c-7de362bfe72d,Occupant,Unspecified,20083290.0,45.0,,,,,,,,,Registrant,,,F
514916,11984038,4466670.0,2021-10-12,18:05,bc219864-f1f3-4ec3-8bdc-dad10ceed536,Occupant,Unspecified,20082822.0,40.0,,,,,,,,,Registrant,,,M
517998,11984596,4466577.0,2021-10-12,17:15,7ed039a5-6194-42a3-8eae-1865d465613d,Occupant,Unspecified,20083155.0,44.0,Not Ejected,Does Not Apply,Does Not Apply,Driver,Lap Belt & Harness,,,Does Not Apply,Driver,,,F
518169,11983666,4466459.0,2021-10-12,6:10,09bf5e55-aa6e-4906-b11c-c268c9967ee5,Occupant,Unspecified,20082621.0,48.0,,,,,,,,,Registrant,,,M
518177,11986347,4467053.0,2021-10-12,14:49,9a7a5220-c67e-4d9e-8504-ddd995fbaee3,Occupant,Unspecified,20084155.0,,,,,,,,,,Registrant,,,
523891,11986725,4467036.0,2021-10-12,11:15,db01036b-1e75-4f65-9e26-167f820270ea,Occupant,Unspecified,20084388.0,50.0,Not Ejected,Does Not Apply,Does Not Apply,Driver,Lap Belt & Harness,,,Does Not Apply,Driver,,,M
526205,11986105,4467125.0,2021-08-30,1:00,0d196102-e946-43be-ad50-f6a1fa087c44,Occupant,Unspecified,20084026.0,40.0,Not Ejected,Does Not Apply,Does Not Apply,"Front passenger, if two or more persons, including the driver, are in the front seat",Lap Belt & Harness,,,Does Not Apply,Passenger,,,F
526822,11984145,4466407.0,2021-10-12,9:00,40e90042-301c-4ef0-a2e1-b3027bb58f06,Occupant,Unspecified,20082887.0,56.0,Not Ejected,Does Not Apply,Does Not Apply,Driver,Lap Belt & Harness,,,Does Not Apply,Driver,,,M
540000,11983857,4466610.0,2021-10-12,8:00,4d7e3819-3f99-41bd-afbf-774626451e58,Occupant,Unspecified,20082723.0,6.0,Not Ejected,Does Not Apply,Does Not Apply,"Middle rear seat, or passenger lying across a seat",Lap Belt & Harness,,,Does Not Apply,Passenger,,,M
540264,11984010,4466571.0,2021-10-12,15:20,ce7cf38a-655e-4e95-926d-4211d7c55bdb,Occupant,Unspecified,20082806.0,24.0,Not Ejected,Does Not Apply,Does Not Apply,Driver,Lap Belt & Harness,,,Does Not Apply,Driver,,,M
544084,11598209,4396632.0,2021-03-05,0:00,4828ec88-7783-4b72-960d-a66542a7b7a7,Occupant,Unspecified,19858038.0,34.0,Not Ejected,Does Not Apply,Does Not Apply,"Front passenger, if two or more persons, including the driver, are in the front seat",Unknown,,,Does Not Apply,Passenger,,,F
544273,11598856,4396860.0,2021-02-20,23:00,5a22f746-e0e0-4761-8e67-ce593d934af6,Occupant,Unspecified,19858401.0,,,,,,,,,,Registrant,,,M
544485,11986790,4467006.0,2021-10-10,19:51,fe46c744-daa0-4f1f-9822-5f55a3877330,Occupant,Unspecified,20084427.0,61.0,,,,,,,,,Registrant,,,M
544724,11597405,4396392.0,2021-03-05,8:45,846809d3-da06-4e9b-a97e-09723d6ac1c6,Occupant,Unspecified,19857591.0,38.0,Not Ejected,Does Not Apply,Does Not Apply,Driver,Unknown,,,Does Not Apply,Driver,,,M
544772,11597837,4396389.0,2021-03-05,0:53,78e63396-5654-46c2-b6b4-c39eebd89be4,Occupant,Unspecified,19857832.0,,,,,,,,,,Registrant,,,
545379,11986430,4466993.0,2021-10-12,15:30,49ff7bd4-eded-4600-bdf3-1cc60e95380f,Occupant,Unspecified,20084211.0,43.0,Not Ejected,Does Not Apply,Does Not Apply,Driver,Lap Belt,,,Does Not Apply,Driver,,,F
546194,11985384,4466802.0,2021-10-12,15:35,7c9a6ef3-94f0-479f-abfb-d168c45cb0bf,Occupant,Unspecified,20083603.0,78.0,,,,,,,,,Registrant,,,M
546362,11985070,4466795.0,2021-10-12,19:00,b4a5cab9-45a0-4430-baf7-7e19bb27c652,Occupant,Unspecified,20083432.0,65.0,,,,,,,,,Registrant,,,F
547124,11596328,4396154.0,2021-03-03,10:15,a11e5e63-b6e4-4909-8021-1d3925e87526,Occupant,Unspecified,19856955.0,49.0,Not Ejected,Does Not Apply,Does Not Apply,Driver,Lap Belt & Harness,,,Does Not Apply,Driver,,,M
547641,11597210,4396323.0,2021-03-04,16:39,3c71bfb6-32c8-4479-ae80-68d1e1bfbbf5,Occupant,Unspecified,19857471.0,51.0,,,,,,,,,Registrant,,,F
548113,11599663,4397014.0,2021-03-02,9:25,05569e2c-e0d2-4500-be01-6188bee9955a,Occupant,Unspecified,19858869.0,34.0,,,,,,,,,Registrant,,,F
548684,11984526,4466462.0,2021-10-12,8:45,54490afd-c277-4f09-b4cc-274bf6563d5d,Occupant,Unspecified,20083118.0,9.0,Not Ejected,Does Not Apply,Does Not Apply,"Left rear passenger, or rear passenger on a bicycle, motorcycle, snowmobile",Unknown,,,Does Not Apply,Passenger,,,M
549900,11599142,4397024.0,2021-03-05,23:23,fc107c78-7604-496c-86bf-8b42632499b6,Occupant,Unspecified,19858559.0,43.0,Not Ejected,Does Not Apply,Does Not Apply,Driver,Unknown,,,Does Not Apply,Driver,,,M
550030,11595674,4396029.0,2021-03-03,15:43,c1b24c13-906b-40ef-8c9b-46db936be2d8,Occupant,Unspecified,19856601.0,55.0,Not Ejected,Does Not Apply,Does Not Apply,Driver,Lap Belt,,,Does Not Apply,Driver,,,M
550276,11597777,4396416.0,2021-03-05,8:45,adb89da8-01e4-4dfc-a87e-d3b4e8add61f,Occupant,Unspecified,19857801.0,33.0,,,,,,,,,Registrant,,,M
550295,11598044,4396933.0,2021-03-03,16:31,5a68df8e-84b9-4786-88b5-f9ac75a75337,Occupant,Unspecified,19857958.0,46.0,,,,,,,,,Registrant,,,M
550608,11983201,4466294.0,2021-10-12,0:40,7903624d-0567-4bc2-abc8-11d3cba6b99a,Occupant,Unspecified,20082347.0,29.0,Not Ejected,Does Not Apply,Does Not Apply,Driver,Lap Belt,,,Does Not Apply,Driver,,,M
554082,11985967,4467243.0,2021-10-11,10:24,aa23a3ba-ee56-4f70-bea1-bb2381a0a770,Bicyclist,Injured,20083949.0,34.0,Not Ejected,Conscious,Knee-Lower Leg Foot,Driver,None,,,Contusion - Bruise,Driver,,,M
559044,11984849,4466552.0,2021-10-12,13:50,28c39d90-254b-4f88-beb0-ae61085f1a4e,Occupant,Unspecified,20083298.0,46.0,Not Ejected,Does Not Apply,Does Not Apply,Driver,Lap Belt & Harness,,,Does Not Apply,Driver,,,M
559577,11985061,4466697.0,2021-10-12,23:29,4d4fc505-e8fb-48c2-a6e0-f725d9c45922,Occupant,Unspecified,20083428.0,,,,,,,,,,Registrant,,,M
561599,11984984,4466822.0,2021-10-12,8:00,982cd0ef-d621-41e9-adb4-d8d80e427305,Occupant,Unspecified,20083388.0,45.0,Not Ejected,Does Not Apply,Does Not Apply,Driver,Lap Belt & Harness,,,Does Not Apply,Driver,,,M
561647,11986163,4463104.0,2021-10-02,9:15,846ef61d-3c6b-40c4-8a8e-5acaa599bc08,Occupant,Unspecified,20084061.0,36.0,,,,,,,,,Registrant,,,M
561974,11984165,4466470.0,2021-10-12,9:00,8c840604-820b-4647-bef6-f68162b0b52e,Occupant,Unspecified,20082899.0,53.0,Not Ejected,Does Not Apply,Does Not Apply,Driver,Lap Belt & Harness,,,Does Not Apply,Driver,,,F
562157,11986468,4449270.0,2021-08-22,0:26,8eee2a6e-23d7-4d86-adba-abb5cf195f99,Occupant,Unspecified,20084238.0,26.0,,,,,,,,,Registrant,,,M
563632,11984449,4466647.0,2021-10-12,21:00,21b54e67-89dd-4aa9-b816-0c01f249233d,Occupant,Unspecified,20083074.0,25.0,Not Ejected,Does Not Apply,Does Not Apply,Driver,Lap Belt & Harness,,,Does Not Apply,Driver,,,M
564908,11985693,4467106.0,2021-10-09,20:17,e5e53271-256e-4366-a229-86a37c3b4f22,Occupant,Injured,20083799.0,57.0,Not Ejected,Conscious,Shoulder - Upper Arm,Driver,Lap Belt & Harness,,,None Visible,Driver,,,M
570918,12199851,4522944.0,2021-10-01,12:08,94167672-b089-4e21-85f1-9f18b2822175,Occupant,Injured,20207381.0,44.0,Not Ejected,Shock,Neck,Driver,Unknown,,,Complaint of Pain or Nausea,Driver,,,M
570963,11986568,4467090.0,2021-10-12,19:20,3d22ead5-bd97-4aa7-bdfc-96c54884514f,Pedestrian,Injured,,64.0,,Conscious,Elbow-Lower-Arm-Hand,,,Pedestrian/Bicyclist/Other Pedestrian at Intersection,Crossing With Signal,Minor Bleeding,Pedestrian,Unspecified,Unspecified,M
571759,11984766,4466619.0,2021-10-12,23:15,360ee21a-5688-45e8-999f-4aa8319268a7,Occupant,Unspecified,20083255.0,25.0,Not Ejected,Does Not Apply,Does Not Apply,Driver,Air Bag Deployed/Lap Belt,,,Does Not Apply,Driver,,,M
573314,11986184,4467071.0,2021-10-08,16:37,4e8fe0ae-9e86-4be3-a5be-1fae8ac4bd14,Pedestrian,Injured,,11.0,,Conscious,Knee-Lower Leg Foot,,,Pedestrian/Bicyclist/Other Pedestrian at Intersection,Crossing With Signal,Complaint of Pain or Nausea,Pedestrian,Unspecified,Unspecified,F
573949,11985583,4466464.0,2021-10-12,8:30,105790a5-ce7c-4ed2-95ff-87dc794026fb,Occupant,Unspecified,20083732.0,48.0,Not Ejected,Does Not Apply,Does Not Apply,Driver,Lap Belt & Harness,,,Does Not Apply,Driver,,,M
573979,11984033,4466534.0,2021-10-12,8:44,31c3a267-8713-40d3-a021-a92beaaba532,Occupant,Unspecified,20082816.0,,,,,,,,,,Registrant,,,U
574025,11985858,4467197.0,2021-10-07,13:10,89ecb333-03d2-42ab-a396-ca9c94fcd600,Occupant,Unspecified,20083896.0,,,,,,,,,,Registrant,,,F
574068,11986594,4467058.0,2021-10-12,15:23,c2aa5635-9205-415d-bced-e1125b5cf3be,Occupant,Unspecified,20084307.0,37.0,Not Ejected,Does Not Apply,Does Not Apply,Driver,Unknown,,,Does Not Apply,Driver,,,M
575574,11985382,4466802.0,2021-10-12,15:35,b6188000-aec2-4085-9697-4c15f8e20d48,Occupant,Injured,20083604.0,30.0,Not Ejected,Conscious,Back,Driver,Unknown,,,Complaint of Pain or Nausea,Driver,,,F
575601,11986290,4466946.0,2021-10-12,19:34,34c91d06-0ded-42e2-ace4-0cf14cfa3f1d,Occupant,Unspecified,20084129.0,35.0,,,,,,,,,Registrant,,,M
575623,11985961,4466967.0,2021-10-08,11:30,b392a428-9a9a-4ecc-b5a4-9448ff7550fd,Occupant,Unspecified,,,,,,,,,,,Witness,,,
575752,11986493,4467280.0,2021-09-29,8:00,303a09f3-3fee-4198-89c3-c5463bf47bd5,Occupant,Unspecified,20084253.0,36.0,,,,,,,,,Registrant,,,F
576024,11986474,4449270.0,2021-08-22,0:26,c9cf6fa6-e6a3-4fbe-b345-b437dfd09727,Occupant,Unspecified,20084234.0,27.0,,,,,,,,,Registrant,,,M
576928,11984762,4466619.0,2021-10-12,23:15,b7f3659f-8550-45e2-82e9-5dfb3c0f8bfe,Occupant,Unspecified,20083257.0,46.0,Not Ejected,Does Not Apply,Does Not Apply,Driver,Lap Belt & Harness,,,Does Not Apply,Driver,,,F
578555,11985472,4466749.0,2021-10-12,21:25,5de9b291-5527-44c7-a839-37299d28ec6b,Occupant,Injured,20083665.0,31.0,Not Ejected,Conscious,Neck,"Left rear passenger, or rear passenger on a bicycle, motorcycle, snowmobile",Unknown,,,Complaint of Pain or Nausea,Passenger,,,F
579193,11984990,4466747.0,2021-10-12,18:45,332aeda4-9f3b-4364-98ac-71dc378385b0,Occupant,Unspecified,20083391.0,65.0,,,,,,,,,Registrant,,,F
579564,11985968,4467243.0,2021-10-11,10:24,f8f49548-5b18-41e1-8378-3baeeaa1c7ff,Occupant,Unspecified,20083948.0,,,,,,,,,,Registrant,,,
579681,11986595,4467058.0,2021-10-12,15:23,db25f1c5-97e1-4625-89be-5970280ab0f4,Occupant,Unspecified,20084307.0,,,,,,,,,,Registrant,,,F
580152,11984846,4466509.0,2021-10-12,11:00,25ae09a2-af43-44cd-a5a7-31538df65024,Occupant,Unspecified,20083296.0,,,,,,,,,,Registrant,,,U
580727,11985404,4466716.0,2021-10-12,19:50,f2324228-d59a-4395-994e-21b5120de5b1,Occupant,Unspecified,20083617.0,47.0,Not Ejected,Does Not Apply,Does Not Apply,Driver,Lap Belt & Harness,,,Does Not Apply,Driver,,,M
581848,11599762,4397060.0,2021-03-05,23:30,7947c671-5b30-4ff3-bd07-cfbbeb40e610,Occupant,Injured,19858933.0,26.0,Not Ejected,Conscious,Back,Driver,Lap Belt & Harness,,,Complaint of Pain or Nausea,Driver,,,F
589274,11600189,4396782.0,2021-03-05,10:30,5265f347-ced7-410b-89f0-6bddd07a1ecc,Occupant,Unspecified,19859212.0,52.0,Not Ejected,Does Not Apply,Does Not Apply,Unknown,Unknown,,,Does Not Apply,Driver,,,M
591418,11596830,4396365.0,2021-03-03,20:33,98529b6a-cf7e-40c6-930e-1c432ab7964b,Occupant,Unspecified,19857256.0,44.0,Not Ejected,Does Not Apply,Does Not Apply,Driver,Lap Belt & Harness,,,Does Not Apply,Driver,,,M
591534,11598012,4396460.0,2021-03-05,17:00,8093faa1-ee70-4e95-a6d5-dc519a445d0b,Occupant,Unspecified,19857941.0,35.0,Not Ejected,Does Not Apply,Does Not Apply,Driver,Lap Belt & Harness,,,Does Not Apply,Driver,,,M
593196,11597279,4396235.0,2021-03-03,13:55,e2a1344a-3db1-45d8-b90d-28304d8b6d67,Occupant,Unspecified,19857515.0,43.0,,,,,,,,,Registrant,,,M
596308,11596291,4395954.0,2021-03-03,12:50,5ce24215-036a-48d6-81f9-fd209ee089be,Occupant,Unspecified,19856933.0,,,,,,,,,,Registrant,,,M
600110,11597285,4396239.0,2021-03-03,20:35,5e68b0aa-1cc5-4081-a737-2fb077845ca1,Occupant,Unspecified,19857519.0,85.0,Not Ejected,Does Not Apply,Does Not Apply,Driver,Lap Belt & Harness,,,Does Not Apply,Driver,,,M
602909,11599642,4396589.0,2021-02-28,17:50,26103183-b581-4617-bf79-5a59f5bf8525,Occupant,Unspecified,19858856.0,27.0,Not Ejected,Does Not Apply,Does Not Apply,"Left rear passenger, or rear passenger on a bicycle, motorcycle, snowmobile",None,,,Does Not Apply,Passenger,,,F
604063,11598138,4396920.0,2021-03-04,17:25,8db464c0-5f25-46a3-8131-7a0c95dd8a3c,Occupant,Unspecified,19858007.0,2.0,Not Ejected,Does Not Apply,Does Not Apply,Right rear passenger or motorcycle sidecar passenger,Child Restraint Only,,,Does Not Apply,Passenger,,,F
605219,11597116,4396177.0,2021-03-03,16:56,a59c13fb-379e-4efe-8b7e-472189ae6591,Occupant,Unspecified,19857416.0,60.0,Not Ejected,Does Not Apply,Does Not Apply,Driver,Lap Belt & Harness,,,Does Not Apply,Driver,,,M
605275,11599183,4396830.0,2021-03-04,9:40,588f580b-f91c-443f-8f3b-97daf92df958,Occupant,Unspecified,19858582.0,31.0,Not Ejected,Does Not Apply,Does Not Apply,Driver,Lap Belt & Harness,,,Does Not Apply,Driver,,,M
605450,11599699,4396602.0,2021-03-04,13:00,4b40362a-e2f4-4c51-bcb7-df252df39b28,Occupant,Unspecified,19858893.0,27.0,Not Ejected,Does Not Apply,Does Not Apply,Driver,Lap Belt & Harness,,,Does Not Apply,Driver,,,M
605632,11596048,4395950.0,2021-03-03,11:15,d61683c6-3ef9-407d-b612-0257f38128af,Occupant,Unspecified,19856789.0,,,,,,,,,,Registrant,,,U
612347,11984743,4466575.0,2021-10-12,9:10,e66a0a3b-3646-40f0-8e87-1a3ce304e179,Occupant,Unspecified,20083245.0,61.0,Not Ejected,Does Not Apply,Does Not Apply,"Front passenger, if two or more persons, including the driver, are in the front seat",Lap Belt & Harness,,,Does Not Apply,Passenger,,,F
612437,11986856,4464299.0,2021-10-04,17:10,d9af1209-f889-42c0-b8ff-19093619ab1c,Occupant,Unspecified,20084466.0,63.0,,,,,,,,,Registrant,,,M
612858,11985586,4466464.0,2021-10-12,8:30,63888d7e-bbb8-43c7-a620-49f514b851dd,Occupant,Unspecified,20083732.0,37.0,Not Ejected,Does Not Apply,Does Not Apply,"Front passenger, if two or more persons, including the driver, are in the front seat",Lap Belt & Harness,,,Does Not Apply,Passenger,,,M
613498,11985467,4466751.0,2021-10-12,12:00,fb9be745-430b-4e3e-a875-e5d37d1d9a96,Occupant,Unspecified,20083661.0,51.0,,,,,,,,,Registrant,,,F
613613,11983741,4466591.0,2021-10-12,10:10,d5bea152-8675-4b4e-822d-d7b201f68d0f,Occupant,Unspecified,,,,,,,,,,,Witness,,,
614061,11984140,4466587.0,2021-10-12,16:30,d8099044-3f2d-4b05-adb7-1d3188f9378a,Occupant,Unspecified,20082883.0,38.0,Not Ejected,Does Not Apply,Does Not Apply,Driver,Lap Belt,,,Does Not Apply,Driver,,,M
618043,11986480,4467056.0,2021-10-12,20:35,89d926be-0860-477d-8582-26de2f80fff5,Occupant,Unspecified,20084244.0,19.0,Not Ejected,Does Not Apply,Does Not Apply,"Front passenger, if two or more persons, including the driver, are in the front seat",Lap Belt & Harness,,,Does Not Apply,Passenger,,,M
618053,11985903,4467025.0,2021-10-12,8:45,671ca94d-8af4-4207-88a5-053d8e6b3d8f,Occupant,Unspecified,,,,,,,,,,,Witness,,,
619188,11983820,4466613.0,2021-10-12,12:22,23994423-d24b-4956-bda9-e0b699bbc092,Occupant,Unspecified,20082705.0,33.0,,,,,,,,,Registrant,,,F
631388,11595766,4396081.0,2021-03-03,14:30,fca3324d-f3a3-4db8-87f8-eb88fcb43c19,Occupant,Unspecified,19856640.0,45.0,Not Ejected,Does Not Apply,Does Not Apply,"Front passenger, if two or more persons, including the driver, are in the front seat",None,,,Does Not Apply,Passenger,,,M
631568,11595817,4396073.0,2021-03-03,22:50,2440e6c7-e671-48c1-935e-a061e8576f22,Occupant,Unspecified,19856665.0,28.0,Not Ejected,Does Not Apply,Does Not Apply,Unknown,None,,,Does Not Apply,Driver,,,M
631594,11596447,4396046.0,2021-03-03,19:10,c77cea7f-a3e9-4efd-b95f-e07da97881d8,Occupant,Unspecified,19857032.0,62.0,,,,,,,,,Registrant,,,F
631755,11599025,4397113.0,2021-03-04,9:20,ee171739-1ab4-428c-9058-c0cfa509a3c9,Occupant,Unspecified,19858484.0,45.0,,,,,,,,,Registrant,,,F
632722,11598026,4396501.0,2021-03-05,23:15,8d5e52ca-5dfe-4071-aab2-477f07223207,Occupant,Injured,19857950.0,35.0,Not Ejected,Conscious,Entire Body,Driver,Lap Belt & Harness,,,Complaint of Pain or Nausea,Driver,,,M
632784,11598164,4396633.0,2021-03-03,11:42,11bc446d-8647-4c94-95e5-55f331781bab,Occupant,Unspecified,19858018.0,,,,,,,,,,Registrant,,,
632819,12234991,4491128.0,2021-12-31,19:40,d8e6f510-e89c-49a9-b664-badd54dee8bc,Occupant,Unspecified,20227256.0,52.0,,,,,,,,,Registrant,,,M
633034,11597971,4396490.0,2021-03-05,22:10,5a8ce5e5-aff0-4be3-bf54-f0d48e7355bd,Occupant,Unspecified,19857914.0,31.0,Not Ejected,Does Not Apply,Does Not Apply,Driver,Lap Belt & Harness,,,Does Not Apply,Driver,,,M
634716,11596106,4395942.0,2021-03-03,7:35,21208f3a-eca1-40fe-bfd2-cc2f5ffdc6f8,Occupant,Unspecified,19856823.0,65.0,Not Ejected,Does Not Apply,Does Not Apply,Driver,Lap Belt,,,Does Not Apply,Driver,,,M
636347,11597349,4396279.0,2021-03-04,10:25,3e891c2e-4124-4732-bba2-040c934fa5d6,Occupant,Unspecified,19857559.0,17.0,Not Ejected,Does Not Apply,Does Not Apply,"Middle front seat, or passenger lying across a seat",Lap Belt & Harness,,,Does Not Apply,Passenger,,,M
636369,11595813,4396056.0,2021-03-03,18:07,84b89dfe-9975-4aad-b7b7-d90e6f517061,Occupant,Unspecified,19856664.0,,,,,,,,,,Registrant,,,
636958,11596714,4396364.0,2021-03-05,6:33,a601cb4b-3521-4dc6-8a24-6f34b09cf528,Occupant,Unspecified,19857187.0,35.0,Not Ejected,Does Not Apply,Does Not Apply,Driver,Lap Belt & Harness,,,Does Not Apply,Driver,,,M
638261,11599090,4396759.0,2021-03-01,13:05,af42a89a-f52f-4569-91dd-58298f7b9982,Occupant,Injured,19858528.0,32.0,Not Ejected,Conscious,Head,Driver,Unknown,,,Complaint of Pain or Nausea,Driver,,,F
638568,11597256,4396228.0,2021-03-04,10:15,3866a1a1-ef2c-4616-8561-0ca519da641b,Occupant,Injured,19857499.0,30.0,Not Ejected,Conscious,Hip-Upper Leg,Driver,Lap Belt,,,Complaint of Pain or Nausea,Driver,,,M
638845,11597864,4396391.0,2021-03-05,7:05,82b51da7-0940-4b7d-a0f0-f87b06ae1b05,Occupant,Unspecified,19857849.0,40.0,Not Ejected,Does Not Apply,Does Not Apply,Unknown,None,,,Does Not Apply,Driver,,,M
639260,11595780,4396009.0,2021-03-03,21:10,509bb8db-2fdf-4f9b-a880-7f3829dfbc5c,Occupant,Unspecified,19856647.0,19.0,,,,,,,,,Registrant,,,M
639395,11597841,4396394.0,2021-03-04,22:50,2213c3b0-cca0-4085-9f1d-68fe2698f2a0,Occupant,Unspecified,19857836.0,25.0,Not Ejected,Does Not Apply,Does Not Apply,Driver,Unknown,,,Does Not Apply,Driver,,,M
639588,11598064,4396850.0,2021-03-05,19:30,695727f8-6c4b-41db-b796-d751c6d63089,Occupant,Unspecified,19857971.0,78.0,,,,,,,,,Registrant,,,M
640027,11597016,4396332.0,2021-03-04,14:14,cfc6bf30-b87d-4296-8db9-ab9d398c48dd,Occupant,Unspecified,19857352.0,,,,,,,,,,Registrant,,,F
640659,11596666,4396301.0,2021-03-04,11:00,d33f6da6-4ed4-4e59-9e93-14769746343a,Occupant,Unspecified,19857159.0,36.0,Not Ejected,Does Not Apply,Does Not Apply,Unknown,None,,,Does Not Apply,Driver,,,F
640786,11598180,4394799.0,2021-02-26,9:15,4cba868c-b63d-4470-947b-04ceebd040b2,Occupant,Unspecified,19858028.0,74.0,,,,,,,,,Registrant,,,F
641363,11986479,4467056.0,2021-10-12,20:35,ab2e5360-c473-439b-8d26-f3e3edfa9fea,Occupant,Injured,20084243.0,24.0,Not Ejected,Conscious,Entire Body,Driver,Lap Belt & Harness,,,Complaint of Pain or Nausea,Driver,,,M
641663,11986483,4467056.0,2021-10-12,20:35,b09a4cb0-84fa-417e-9cd4-cfe973d68d1b,Occupant,Unspecified,20084243.0,,,,,,,,,,Registrant,,,F
642370,11986187,4467071.0,2021-10-08,16:37,88ca187d-160f-41f5-a16c-e20804fa7925,Pedestrian,Injured,,11.0,,Conscious,Hip-Upper Leg,,,Pedestrian/Bicyclist/Other Pedestrian at Intersection,Crossing With Signal,Complaint of Pain or Nausea,Pedestrian,Unspecified,Unspecified,F
642375,11986377,4467127.0,2021-10-07,9:50,f6351fd4-3912-4deb-a05d-878b1ff4c74d,Occupant,Unspecified,20084178.0,38.0,Not Ejected,Does Not Apply,Does Not Apply,Driver,Lap Belt & Harness,,,Does Not Apply,Driver,,,F
643348,11984572,4466616.0,2021-10-12,16:30,e620464a-1a27-4b13-9ee1-b3f778321b84,Occupant,Injured,20083138.0,30.0,Not Ejected,Conscious,Neck,"Front passenger, if two or more persons, including the driver, are in the front seat",Lap Belt & Harness,,,None Visible,Passenger,,,M
643443,11986527,4467226.0,2021-10-09,1:00,43ffd0ee-f7c1-49ff-a2e1-541e47dd60e6,Occupant,Unspecified,20084268.0,47.0,,,,,,,,,Registrant,,,M
643460,11984446,4466667.0,2021-10-12,21:00,72d151ad-7042-4c8f-ba53-11ceb343980e,Occupant,Unspecified,20083072.0,,,,,,,,,,Registrant,,,
643727,11984078,4466477.0,2021-10-12,12:27,cdc90509-7e1a-466a-9fcf-d59258895053,Occupant,Unspecified,20082842.0,23.0,,,,,,,,,Registrant,,,M
644028,11984931,4466785.0,2021-10-12,21:45,de014fe3-efdc-44aa-acd2-b9e8bc78ccc0,Occupant,Unspecified,20083353.0,24.0,Not Ejected,Does Not Apply,Does Not Apply,Driver,Unknown,,,Does Not Apply,Driver,,,M
644051,11984920,4466745.0,2021-10-12,0:15,5cfe68a7-b14f-4ed6-8ba4-753443b7c6b3,Occupant,Unspecified,20083346.0,60.0,,,,,,,,,Registrant,,,M
644717,11983816,4466613.0,2021-10-12,12:22,20b5f82b-8008-45c3-adb4-ecc5f6e17069,Occupant,Unspecified,20082705.0,33.0,Not Ejected,Does Not Apply,Does Not Apply,Driver,None,,,Does Not Apply,Driver,,,F
645078,11986726,4467036.0,2021-10-12,11:15,f336f354-7013-4fd1-ab4d-58aabde297ea,Occupant,Unspecified,20084389.0,,,,,,,,,,Registrant,,,
645615,11986337,4466999.0,2021-10-12,22:35,35c386a2-6c07-470b-8d93-f686842a9499,Occupant,Unspecified,20084154.0,41.0,,,,,,,,,Registrant,,,M
645851,11986653,4466145.0,2021-10-11,9:30,56aa72c2-a598-43c7-acd3-bb42882edfdd,Occupant,Unspecified,20084339.0,27.0,Not Ejected,Does Not Apply,Does Not Apply,Driver,Lap Belt & Harness,,,Does Not Apply,Driver,,,M
646122,11986193,4466998.0,2021-10-09,19:23,07def8ad-2702-4bbb-b7ed-8f5c075b318c,Occupant,Unspecified,20084078.0,,,,,,,,,,Registrant,,,F
646271,11984708,4466594.0,2021-10-12,5:25,4d5339fa-27a0-4d26-aafb-1ae124c641ee,Occupant,Unspecified,20083224.0,65.0,,,,,,,,,Registrant,,,M
646575,11985692,4467039.0,2021-07-17,12:00,8f8290de-6d05-4b1f-bfe7-e8210b54d4d7,Occupant,Unspecified,20083797.0,,,,,,,,,,Registrant,,,
648345,11598035,4396432.0,2021-03-05,11:00,49a159b6-64c2-48a3-ba47-9719181244b6,Occupant,Unspecified,19857954.0,33.0,Not Ejected,Does Not Apply,Does Not Apply,"Front passenger, if two or more persons, including the driver, are in the front seat",Lap Belt & Harness,,,Does Not Apply,Passenger,,,M
650936,11597004,4396165.0,2021-03-04,6:25,2bbb1f71-ecdf-47ae-9e84-febd718e1aeb,Occupant,Unspecified,19857344.0,22.0,Not Ejected,Does Not Apply,Does Not Apply,Driver,Lap Belt & Harness,,,Does Not Apply,Driver,,,M
650981,11598581,4392843.0,2021-02-17,10:01,596be599-129f-4cfa-8ede-8053d5af08bf,Occupant,Unspecified,19858245.0,55.0,Not Ejected,Does Not Apply,Does Not Apply,Driver,Lap Belt,,,Does Not Apply,Driver,,,M
650993,11598744,4396890.0,2021-03-05,13:54,4c021012-98d9-4528-bc3f-fb202602bfed,Occupant,Unspecified,19858337.0,,,,,,,,,,Registrant,,,U
653777,11983668,4466459.0,2021-10-12,6:10,95123ef3-4a9d-4840-a0c6-fd3e64ee19e3,Occupant,Unspecified,20082620.0,27.0,Not Ejected,Does Not Apply,Does Not Apply,"Front passenger, if two or more persons, including the driver, are in the front seat",Lap Belt & Harness,,,Does Not Apply,Passenger,,,F
653865,11984155,4466538.0,2021-10-12,15:10,c07a236b-ade2-443d-a7ba-a1a748e9d91a,Occupant,Unspecified,20082895.0,,,,,,,,,,Registrant,,,U
655126,11984741,4466575.0,2021-10-12,9:10,08db5154-ea40-4401-8e44-09cb4139675d,Occupant,Injured,20083245.0,43.0,Not Ejected,Conscious,Entire Body,Driver,Lap Belt & Harness,,,Complaint of Pain or Nausea,Driver,,,M
655646,11985187,4466755.0,2021-10-12,13:00,a2b2cfac-c269-4ec3-95fd-c84319054891,Occupant,Unspecified,,,,,,,,,,,Witness,,,
663672,11597135,4396232.0,2021-03-04,11:45,54d2dd04-eb27-461e-aa17-0892054db594,Occupant,Unspecified,19857427.0,78.0,Not Ejected,Does Not Apply,Does Not Apply,"Left rear passenger, or rear passenger on a bicycle, motorcycle, snowmobile",Lap Belt & Harness,,,Does Not Apply,Passenger,,,M
664279,11597785,4396417.0,2021-03-05,10:25,0430b9ff-e238-4e68-8a1e-32904cd8dfde,Occupant,Unspecified,19857803.0,59.0,,,,,,,,,Registrant,,,M
665414,11597742,4396514.0,2021-02-23,11:45,3da56932-9b63-46c7-ae8a-8a74c0227663,Occupant,Unspecified,19857780.0,43.0,,,,,,,,,Registrant,,,F
665606,11598382,4396922.0,2021-02-20,14:55,b839df79-ffc7-482b-a7e3-7bff417a60a1,Occupant,Unspecified,19858134.0,58.0,,,,,,,,,Registrant,,,M
666350,11597145,4396315.0,2021-03-04,22:45,7706dd99-f5a2-4b95-a775-73155d568280,Occupant,Unspecified,19857432.0,33.0,Not Ejected,Does Not Apply,Does Not Apply,Driver,Lap Belt & Harness,,,Does Not Apply,Driver,,,M
668018,11595799,4396058.0,2021-03-03,5:45,35f5c90e-1c87-42fd-aabf-72b5fdf554f4,Occupant,Unspecified,19856656.0,31.0,Not Ejected,Does Not Apply,Does Not Apply,Driver,Air Bag Deployed,,,Does Not Apply,Driver,,,M
668039,11597575,4396488.0,2021-03-04,12:58,068a5947-9ec3-48bb-9ef2-f17e3862b295,Occupant,Unspecified,19857687.0,55.0,,,,,,,,,Registrant,,,M
668746,11598243,4396845.0,2021-03-05,19:25,033c2dc7-0cd0-4c74-abc0-e2500fdf8104,Occupant,Unspecified,19858062.0,65.0,,,,,,,,,Registrant,,,M
668925,11599459,4397093.0,2021-03-02,16:26,7507bd4c-dd18-493d-b6ae-674810e43b5c,Occupant,Unspecified,19858755.0,60.0,Not Ejected,Does Not Apply,Does Not Apply,Driver,Unknown,,,Does Not Apply,Driver,,,M
670468,11597730,4396370.0,2021-03-04,6:39,05996323-4311-40da-8ec9-bcb6a7012d21,Occupant,Unspecified,19857775.0,51.0,Not Ejected,Does Not Apply,Does Not Apply,Driver,Lap Belt & Harness,,,Does Not Apply,Driver,,,F
674938,12095434,4431390.0,2021-06-23,16:30,f4b1c97a-610c-4e23-9cf4-ccb60a70cea9,Occupant,Unspecified,20147194.0,,,,,,,,,,Registrant,,,
675408,11599288,4396932.0,2021-02-24,8:30,32d091d9-1d9c-40f5-aaf4-75b1d98a56eb,Occupant,Unspecified,19858647.0,44.0,Not Ejected,Does Not Apply,Does Not Apply,Driver,Lap Belt & Harness,,,Does Not Apply,Driver,,,F
676332,11597359,4396412.0,2021-03-04,20:18,55e35070-78f7-4ce9-857c-5d54ec90a806,Occupant,Injured,19857567.0,34.0,Not Ejected,Conscious,Back,Driver,Unknown,,,Complaint of Pain or Nausea,Driver,,,M
676469,11598204,4396741.0,2021-03-03,22:10,ba7ef10e-0baa-4ed4-badf-0b1cb87ff4c4,Occupant,Unspecified,19858035.0,33.0,,,,,,,,,Registrant,,,M
676611,11595594,4396153.0,2021-03-03,9:28,e0178a3c-ec4f-4330-8f42-c848439bb41c,Occupant,Unspecified,19856548.0,,,,,,,,,,Registrant,,,
677700,11596863,4396233.0,2021-03-04,10:20,c2b86c34-a79f-4b6f-811c-106a589cd02c,Occupant,Unspecified,19857271.0,,,,,,,,,,Registrant,,,
677957,11599914,4396670.0,2021-03-05,13:15,98113afc-9277-41a4-b326-de09022caa5a,Occupant,Unspecified,19859043.0,,,,,,,,,,Registrant,,,F
678289,11599952,4396598.0,2021-03-05,9:05,064aae16-10fc-4fd7-af51-9f7ecac99e03,Occupant,Unspecified,19859077.0,51.0,Not Ejected,Does Not Apply,Does Not Apply,Unknown,None,,,Does Not Apply,Driver,,,F
678481,11598935,4397109.0,2021-03-05,23:11,ca75b43b-7852-4e53-a0b9-d7b1db20b5a9,Occupant,Unspecified,19858435.0,37.0,Not Ejected,Does Not Apply,Does Not Apply,Driver,Unknown,,,Does Not Apply,Driver,,,F
682345,11598093,4396854.0,2021-03-05,23:30,0b459fa3-27fb-432b-8e74-c28878a46d26,Occupant,Injured,19857985.0,19.0,Not Ejected,Conscious,Head,Driver,Air Bag Deployed,,,Complaint of Pain or Nausea,Driver,,,M
697007,11595815,4396056.0,2021-03-03,18:07,0da705e5-cc40-42b9-a6db-0df499bc5e49,Occupant,Injured,19856663.0,25.0,Not Ejected,Conscious,Knee-Lower Leg Foot,"Front passenger, if two or more persons, including the driver, are in the front seat",Lap Belt & Harness,,,None Visible,Passenger,,,F
697650,11597924,4396383.0,2021-03-04,23:00,0dec4bb1-05fe-4ab6-b4d6-59b9c84223c7,Occupant,Unspecified,19857883.0,52.0,,,,,,,,,Registrant,,,M
698217,11597005,4396165.0,2021-03-04,6:25,18a24938-ea14-47c0-ba69-24b4d36c7817,Occupant,Unspecified,19857343.0,33.0,,,,,,,,,Registrant,,,F
698273,11597110,4396174.0,2021-03-03,12:40,0db5e726-65ff-44cd-bde6-07f93ce776cc,Occupant,Unspecified,19857411.0,31.0,Not Ejected,Does Not Apply,Does Not Apply,Unknown,Unknown,,,Does Not Apply,Driver,,,F
702081,11599158,4397005.0,2021-03-04,15:58,fd51f6a7-c902-4934-8abf-ac3dca51b4e8,Occupant,Unspecified,19858568.0,73.0,Not Ejected,Does Not Apply,Does Not Apply,Driver,Lap Belt & Harness,,,Does Not Apply,Driver,,,F
702700,11599224,4396321.0,2021-03-04,22:37,f09c813b-7734-4b5d-a588-f8dfa42a30ca,Occupant,Injured,19858606.0,17.0,Not Ejected,Conscious,Back,"Front passenger, if two or more persons, including the driver, are in the front seat",Lap Belt & Harness,,,Unknown,Passenger,,,M
703186,11596931,4396357.0,2021-03-03,19:30,7edbf5af-a5b9-4a9c-ac77-3c6a2129f32b,Occupant,Unspecified,19857314.0,37.0,Not Ejected,Does Not Apply,Does Not Apply,Driver,Lap Belt & Harness,,,Does Not Apply,Driver,,,M
707226,11596104,4395942.0,2021-03-03,7:35,3c1be4dd-4948-4007-a506-6db5dda55110,Occupant,Unspecified,19856822.0,56.0,Not Ejected,Does Not Apply,Does Not Apply,Driver,Lap Belt & Harness,,,Does Not Apply,Driver,,,M
707402,11596535,4396082.0,2021-03-03,18:40,ed6eb5bf-64b2-404a-9d4c-398dc359ece0,Occupant,Unspecified,19857086.0,,,,,,,,,,Registrant,,,
707652,11598850,4396931.0,2021-03-04,16:16,bcbf7548-fb9d-4994-ba3f-182b4ecdbbe8,Occupant,Unspecified,19858399.0,22.0,Not Ejected,Does Not Apply,Does Not Apply,Driver,Lap Belt & Harness,,,Does Not Apply,Driver,,,M
707691,11596290,4395954.0,2021-03-03,12:50,eef74297-dd2c-4268-9af9-04542ca96c02,Occupant,Unspecified,19856932.0,65.0,Not Ejected,Does Not Apply,Does Not Apply,Driver,Unknown,,,Does Not Apply,Driver,,,F
708482,11597090,4396260.0,2021-03-04,15:12,efd0e625-b557-482b-b6af-c354fb731bbf,Occupant,Unspecified,19857394.0,,,,,,,,,,Registrant,,,M
708671,11598185,4394799.0,2021-02-26,9:15,9b924865-172d-4bdd-9e1c-3d8fd7cc371a,Occupant,Unspecified,19858027.0,,,,,,,,,,Registrant,,,
708935,11597454,4396445.0,2021-03-01,11:52,40073380-27bc-418f-aeb3-d0ed3b1c4bb7,Occupant,Unspecified,19857615.0,,,,,,,,,,Registrant,,,
709294,11596823,4396161.0,2021-03-03,13:10,7dbaf925-2e82-4e8c-b4f4-feb6711ad228,Occupant,Unspecified,19857252.0,29.0,Not Ejected,Does Not Apply,Does Not Apply,Driver,Lap Belt & Harness,,,Does Not Apply,Driver,,,F
709549,11597493,4396410.0,2021-03-03,19:15,63fb3471-e9b9-45a2-ad24-ee98dd86f648,Occupant,Injured,19857645.0,64.0,Not Ejected,Conscious,Neck,Driver,Lap Belt & Harness,,,Complaint of Pain or Nausea,Driver,,,M
709782,11596593,4396284.0,2021-03-04,8:40,31379c9e-2e11-49cb-8839-6a66b3c5a939,Occupant,Unspecified,19857122.0,34.0,,,,,,,,,Registrant,,,M
709959,11596765,4396311.0,2021-03-05,1:25,2ab51e2e-761f-4ca6-bfe9-f668fa153ccc,Occupant,Unspecified,19857218.0,,,,,,,,,,Registrant,,,
720394,11597555,4395109.0,2021-02-18,0:41,0a7317db-81bc-4fd7-9507-637114203112,Occupant,Unspecified,19857674.0,23.0,Not Ejected,Does Not Apply,Does Not Apply,Driver,Lap Belt & Harness,,,Does Not Apply,Driver,,,M
720825,11598563,4396557.0,2021-03-04,13:00,e9b02605-f352-45af-9b8d-c969042d6a9c,Occupant,Unspecified,19858238.0,65.0,,,,,,,,,Registrant,,,F
721876,11599441,4396665.0,2021-03-05,20:20,2cbec461-3a8f-4617-9d60-94d5336e9e17,Occupant,Unspecified,19858746.0,30.0,Not Ejected,Does Not Apply,Does Not Apply,Driver,Lap Belt & Harness,,,Does Not Apply,Driver,,,F
724020,11597879,4396526.0,2021-03-05,20:55,ed77ab0a-2216-4340-9bc7-0f0b20226e4f,Occupant,Unspecified,19857859.0,48.0,Not Ejected,Does Not Apply,Does Not Apply,Driver,Unknown,,,Does Not Apply,Driver,,,M
724726,11595788,4396071.0,2021-03-03,16:30,190d726a-0249-4862-891d-e36339576d45,Occupant,Unspecified,19856651.0,62.0,Not Ejected,Does Not Apply,Does Not Apply,Driver,Lap Belt & Harness,,,Does Not Apply,Driver,,,F
724876,11596025,4396021.0,2021-03-03,19:15,e9315bd8-251d-4c13-ae38-96acd2d5d570,Occupant,Unspecified,19856779.0,,,,,,,,,,Registrant,,,U
725156,11597449,4396374.0,2021-02-26,6:00,30c2ba2e-9de9-4f68-b148-a6fbeba7824d,Occupant,Unspecified,19857613.0,55.0,Not Ejected,Does Not Apply,Does Not Apply,Driver,Lap Belt,,,Does Not Apply,Driver,,,M
725640,11600171,4396792.0,2021-03-05,8:00,725a1565-ef71-4468-92e0-f7265f1c4519,Occupant,Unspecified,19859196.0,64.0,,,,,,,,,Registrant,,,M
726700,11597875,4396525.0,2021-03-05,23:15,42e4ee4f-6b8f-4975-8b92-04b40108061e,Occupant,Unspecified,19857855.0,65.0,Not Ejected,Does Not Apply,Does Not Apply,Driver,Lap Belt & Harness,,,Does Not Apply,Driver,,,M
726858,11598337,4396101.0,2021-03-02,7:40,5af9f0b9-dca1-4a1e-a320-57a80596275b,Occupant,Unspecified,19858118.0,39.0,Not Ejected,Does Not Apply,Does Not Apply,Driver,Lap Belt,,,Does Not Apply,Driver,,,M
729576,11597382,4396448.0,2021-03-03,11:55,f3e3fdaf-300a-4fff-a547-30740b5240c4,Occupant,Unspecified,19857580.0,32.0,Not Ejected,Does Not Apply,Does Not Apply,Driver,Lap Belt & Harness,,,Does Not Apply,Driver,,,F
729904,11597168,4396292.0,2021-03-03,18:55,1a29bff2-3ba2-4290-abde-1c21a4e7dc49,Occupant,Unspecified,19857445.0,22.0,Not Ejected,Does Not Apply,Does Not Apply,Driver,Lap Belt & Harness,,,Does Not Apply,Driver,,,F
730537,11599244,4396861.0,2021-02-25,10:30,984ed45f-6f40-4f62-ac24-b67e83374fac,Occupant,Unspecified,19858623.0,42.0,,,,,,,,,Registrant,,,M
730624,11598877,4397135.0,2021-02-28,23:44,28d83d2a-bd14-4230-9862-6a891434f25b,Occupant,Injured,19858412.0,22.0,Not Ejected,Conscious,Back,Driver,Lap Belt & Harness,,,Complaint of Pain or Nausea,Driver,,,M
731017,11598584,4392843.0,2021-02-17,10:01,98050ce0-ed0e-4aa4-b5f8-f07037e0563d,Occupant,Unspecified,19858246.0,58.0,Not Ejected,Does Not Apply,Does Not Apply,Driver,Lap Belt,,,Does Not Apply,Driver,,,F
731156,11597178,4396272.0,2021-03-04,4:20,d03286dd-f941-48c1-83de-e05f225f6d7a,Occupant,Unspecified,19857452.0,60.0,,,,,,,,,Registrant,,,M
735846,11598578,4392412.0,2021-02-16,18:18,07f33ef7-6ab6-4169-b929-76dd86096d5e,Occupant,Killed,19858243.0,68.0,Not Ejected,Apparent Death,Entire Body,"Front passenger, if two or more persons, including the driver, are in the front seat",Air Bag Deployed/Lap Belt/Harness,,,Crush Injuries,Passenger,,,F
735958,11596970,4396175.0,2021-03-03,10:06,8961e7cd-655b-48fc-a732-af1138732a37,Occupant,Unspecified,19857326.0,,,,,,,,,,Registrant,,,
736426,11599701,4396840.0,2021-03-04,14:15,0e818d79-fa8d-447b-9320-5fec4f9911bf,Occupant,Injured,19858894.0,39.0,Not Ejected,Conscious,Chest,Driver,Lap Belt & Harness,,,Complaint of Pain or Nausea,Driver,,,M
737008,11599172,4396570.0,2021-03-04,17:18,4d37629b-29e9-4fa9-9099-66899e953d16,Occupant,Unspecified,19858577.0,28.0,Not Ejected,Does Not Apply,Does Not Apply,Driver,Air Bag Deployed/Lap Belt/Harness,,,Does Not Apply,Driver,,,M
777184,11984630,4466607.0,2021-10-12,21:30,3a26d354-6927-4557-8988-b4e219c4c088,Occupant,Unspecified,20083174.0,23.0,Not Ejected,Does Not Apply,Does Not Apply,"Front passenger, if two or more persons, including the driver, are in the front seat",Lap Belt,,,Does Not Apply,Passenger,,,F
777305,11984139,4466587.0,2021-10-12,16:30,87228b49-e4f9-4141-9996-af556d896884,Occupant,Unspecified,20082883.0,38.0,,,,,,,,,Registrant,,,M
777655,11985403,4466716.0,2021-10-12,19:50,a67d2607-5dc2-48d0-b0dd-367ecedc0645,Occupant,Unspecified,20083618.0,,,,,,,,,,Registrant,,,F
778212,11986965,4465398.0,2021-10-08,17:18,024f7ad8-48f1-4495-8fe0-8d281517d3bf,Occupant,Unspecified,20084529.0,39.0,Not Ejected,Does Not Apply,Does Not Apply,Driver,Lap Belt,,,Does Not Apply,Driver,,,F
778383,11984941,4466914.0,2021-10-12,15:00,5cd28a9b-d84c-4735-a174-41d0e3fa44c3,Occupant,Unspecified,20083360.0,30.0,,,,,,,,,Registrant,,,M
779068,11984531,4466641.0,2021-10-12,15:00,02474784-84d8-419f-bc61-901d9816539b,Occupant,Unspecified,20083121.0,,,,,,,,,,Registrant,,,M
780109,11986704,4467238.0,2021-10-05,0:27,f1b76653-4efe-4eda-bc5c-1855b76d8b18,Occupant,Injured,20084377.0,24.0,Not Ejected,Conscious,Elbow-Lower-Arm-Hand,Driver,None,,,Complaint of Pain or Nausea,Driver,,,M
798314,11986565,4467278.0,2021-10-09,17:54,2d7d81e0-4304-4d0c-a6cc-6716ff6040b5,Occupant,Unspecified,20084286.0,21.0,Not Ejected,Does Not Apply,Does Not Apply,"Front passenger, if two or more persons, including the driver, are in the front seat",Unknown,,,Does Not Apply,Passenger,,,M
798698,11984119,4466600.0,2021-10-12,19:15,3357bdcb-fe06-4fa5-b956-6ca38962ee3e,Occupant,Unspecified,20082864.0,20.0,,,,,,,,,Registrant,,,M
799041,11984829,4466512.0,2021-10-12,2:50,907d8f05-3115-4326-b1e3-dc7462439f3e,Occupant,Unspecified,20083286.0,39.0,,,,,,,,,Registrant,,,M
799215,11986179,4467231.0,2021-10-07,21:05,6790d144-9343-4ead-80fc-039f79054a6f,Occupant,Unspecified,20084071.0,27.0,,,,,,,,,Registrant,,,M
799382,11986548,4465257.0,2021-10-06,16:37,ab9ab7ad-8856-4879-98a4-53b006f82786,Occupant,Unspecified,20084282.0,32.0,,,,,,,,,Registrant,,,M
799723,11986576,4466922.0,2021-10-12,6:30,484a35ba-a233-4614-9c1b-c76d8972aecd,Occupant,Unspecified,20084296.0,26.0,,,,,,,,,Registrant,,,F
799795,11984755,4466618.0,2021-10-12,21:20,7dadfef9-6d89-4b51-8007-5f497637fefd,Occupant,Unspecified,20083253.0,28.0,,,,,,,,,Registrant,,,M
800394,11599725,4396718.0,2021-03-05,15:52,06dd9681-ad61-4eb9-98a7-eddea5477ef3,Occupant,Unspecified,19858905.0,27.0,Not Ejected,Does Not Apply,Does Not Apply,"Front passenger, if two or more persons, including the driver, are in the front seat",Lap Belt,,,Does Not Apply,Passenger,,,M
800515,11986456,4467213.0,2021-10-06,20:30,b6ddcf7a-dc24-4bb8-8005-bf2ba25b3e99,Occupant,Unspecified,20084225.0,49.0,Not Ejected,Does Not Apply,Does Not Apply,Driver,Unknown,,,Does Not Apply,Driver,,,M
801202,11983970,4466562.0,2021-10-12,13:25,b70af945-238a-4396-993d-b50c1039fc10,Occupant,Unspecified,20082790.0,70.0,Not Ejected,Does Not Apply,Does Not Apply,Driver,Lap Belt,,,Does Not Apply,Driver,,,M
802869,11983665,4466459.0,2021-10-12,6:10,ea2a9f6f-19f6-4dab-8c92-2cbef9bc1b89,Occupant,Unspecified,20082618.0,40.0,Not Ejected,Does Not Apply,Does Not Apply,Driver,Lap Belt & Harness,,,Does Not Apply,Driver,,,M
803132,11986482,4467056.0,2021-10-12,20:35,11688bc9-f9bd-4e9d-b570-f10d692617d3,Occupant,Unspecified,20084244.0,20.0,Not Ejected,Does Not Apply,Does Not Apply,Driver,Lap Belt & Harness,,,Does Not Apply,Driver,,,F
803180,11986541,4467227.0,2021-10-08,22:38,3f4b532c-f728-4574-b6a1-4788bf6d61f5,Occupant,Injured,20084276.0,21.0,Not Ejected,Unknown,Unknown,Driver,Unknown,,,Unknown,Driver,,,M
803257,11984764,4466619.0,2021-10-12,23:15,39050361-0b0a-403c-8523-3f1b2bd0cff4,Occupant,Unspecified,20083256.0,28.0,Not Ejected,Does Not Apply,Does Not Apply,Driver,Air Bag Deployed/Lap Belt,,,Does Not Apply,Driver,,,M
803515,11984300,4466560.0,2021-10-12,7:00,b8024af1-f3f3-4cbf-922d-8ebdb2fa89ad,Occupant,Unspecified,20082967.0,25.0,Not Ejected,Does Not Apply,Does Not Apply,Driver,Lap Belt & Harness,,,Does Not Apply,Driver,,,M
812368,11986549,4465257.0,2021-10-06,16:37,f6f7605e-2251-4238-a387-761f45f1d3ad,Occupant,Unspecified,20084282.0,32.0,Not Ejected,Does Not Apply,Does Not Apply,Driver,Lap Belt & Harness,,,Does Not Apply,Driver,,,M
812535,11986960,4466944.0,2021-10-12,7:24,a7d8a1f2-c211-42ad-8cca-0bcb333f1e87,Occupant,Unspecified,20084525.0,23.0,,,,,,,,,Registrant,,,M
813202,11984201,4466382.0,2021-10-12,2:14,1347569e-bc79-4816-88be-6b2966ab51e7,Occupant,Unspecified,20082917.0,34.0,,,,,,,,,Registrant,,,M
813471,11596442,4396047.0,2021-03-03,10:40,bec0abfe-4717-44d0-869a-9f47f968e332,Occupant,Unspecified,19857028.0,54.0,Not Ejected,Does Not Apply,Does Not Apply,"Front passenger, if two or more persons, including the driver, are in the front seat",Lap Belt & Harness,,,Does Not Apply,Passenger,,,M
813492,11597741,4396514.0,2021-02-23,11:45,98d2c79f-b6d0-42fe-9fae-e1aa2827fee2,Occupant,Injured,19857781.0,25.0,Not Ejected,Conscious,Neck,Driver,Lap Belt & Harness,,,Complaint of Pain or Nausea,Driver,,,M
813658,11597243,4396180.0,2021-03-03,18:26,f25d8bb5-16e8-4749-a4b2-c8bce3cac11d,Occupant,Unspecified,19857488.0,53.0,,,,,,,,,Registrant,,,M
813686,11596123,4396087.0,2021-03-03,16:01,222a9d28-1007-4112-b79f-5d0f42db9f33,Occupant,Unspecified,19856833.0,,,,,,,,,,Registrant,,,U
814331,11984452,4466627.0,2021-10-12,9:55,2330e830-4a93-45d0-a7c1-0eb071d9d550,Occupant,Unspecified,20083076.0,46.0,Not Ejected,Does Not Apply,Does Not Apply,Driver,Lap Belt & Harness,,,Does Not Apply,Driver,,,M
815182,11596476,4396005.0,2021-03-03,16:15,dbc45a7e-d29f-40e4-b3d2-23bfe29cd83a,Occupant,Injured,19857054.0,59.0,Not Ejected,Conscious,Back,Driver,Lap Belt & Harness,,,Complaint of Pain or Nausea,Driver,,,M
822460,11599307,4397075.0,2021-03-04,11:32,eedb3070-1fdf-43e1-807e-b76b4ab212e7,Occupant,Unspecified,19858659.0,37.0,Not Ejected,Does Not Apply,Does Not Apply,Driver,Lap Belt & Harness,,,Does Not Apply,Driver,,,M
828918,11598153,4387037.0,2021-01-26,18:12,c6dd03dd-5fae-4463-ae91-62ad75a14586,Occupant,Unspecified,19858014.0,57.0,Not Ejected,Does Not Apply,Does Not Apply,Driver,Air Bag Deployed/Lap Belt,,,Does Not Apply,Driver,,,M
829069,11598422,4397079.0,2021-03-04,15:30,c33fe383-ae66-41a9-840c-3f5a455c3136,Occupant,Unspecified,19858156.0,54.0,,,,,,,,,Registrant,,,M
829079,11599644,4396589.0,2021-02-28,17:50,91068a95-ebb7-418b-a1d2-20f95e7f42e8,Occupant,Unspecified,19858854.0,24.0,,,,,,,,,Registrant,,,M
831458,11595801,4396058.0,2021-03-03,5:45,7a67df11-aed2-425f-bafd-cb90a19cbfa4,Occupant,Injured,19856655.0,50.0,Not Ejected,Conscious,Elbow-Lower-Arm-Hand,Driver,Air Bag Deployed,,,Complaint of Pain or Nausea,Driver,,,M
833743,11596740,4396199.0,2021-03-03,16:45,eea4c407-dcd8-4617-9969-b14cecaeb331,Occupant,Unspecified,19857206.0,19.0,Not Ejected,Does Not Apply,Does Not Apply,Driver,Lap Belt,,,Does Not Apply,Driver,,,F
834163,11598610,4396902.0,2021-03-02,16:01,444e2ec8-aaab-4cd0-a3ad-e6a500f64ce4,Occupant,Unspecified,19858261.0,27.0,Not Ejected,Does Not Apply,Does Not Apply,Driver,Lap Belt & Harness,,,Does Not Apply,Driver,,,F
834588,11597724,4396511.0,2021-03-04,20:58,68f55741-e8b9-4588-b3ec-566e067b0547,Occupant,Unspecified,19857772.0,,,,,,,,,,Registrant,,,
834949,11599781,4396555.0,2021-03-04,1:50,31589742-c966-4d95-bc2f-0507f489a6b5,Occupant,Unspecified,19858945.0,18.0,,,,,,,,,Registrant,,,F
835875,11595183,4395854.0,2021-03-03,0:08,ebe5a979-83a9-4753-b2ce-7a978fb4618c,Occupant,Unspecified,19856296.0,44.0,,,,,,,,,Registrant,,,F
836004,11597181,4396288.0,2021-03-04,7:40,6df04279-5bf5-41c4-b806-fa76c4ec2ba4,Occupant,Unspecified,19857458.0,,,,,,,,,,Owner,,,
836320,11598611,4396902.0,2021-03-02,16:01,e6455bd8-0b88-47c9-a213-4b0a034b19d7,Occupant,Unspecified,19858260.0,,,,,,,,,,Registrant,,,
836506,11597840,4396394.0,2021-03-04,22:50,c7929e8c-15bb-4113-b59d-0f7e04babe07,Occupant,Unspecified,19857837.0,56.0,,,,,,,,,Registrant,,,M
837799,11985817,4466957.0,2021-10-12,11:09,7195055b-3849-4ba3-a7c1-d089fc853b10,Occupant,Unspecified,20083871.0,31.0,Not Ejected,Does Not Apply,Does Not Apply,Driver,Lap Belt & Harness,,,Does Not Apply,Driver,,,F
838020,11985012,4466782.0,2021-10-12,20:10,cfbd1f9e-e753-40e8-ad1a-d74c5a54abfa,Occupant,Injured,20083404.0,24.0,Not Ejected,Conscious,Head,Driver,Lap Belt & Harness,,,Contusion - Bruise,Driver,,,M
841961,11984154,4466538.0,2021-10-12,15:10,7898d36e-cf4f-4bd7-bb3a-1f2cc003ee8c,Occupant,Unspecified,20082894.0,44.0,Not Ejected,Does Not Apply,Does Not Apply,Driver,Lap Belt & Harness,,,Does Not Apply,Driver,,,F
842229,11986340,4467053.0,2021-10-12,14:49,b6968a07-36e4-4c02-8e7d-9c1da1b32d3d,Occupant,Injured,20084155.0,57.0,Not Ejected,Conscious,Back,Driver,Lap Belt & Harness,,,Complaint of Pain or Nausea,Driver,,,M
842251,11985936,4466983.0,2021-10-12,0:17,424c71f4-af42-467e-a763-fed5de1af6ad,Occupant,Unspecified,20083931.0,51.0,Not Ejected,Does Not Apply,Does Not Apply,Driver,Lap Belt & Harness,,,Does Not Apply,Driver,,,M
842501,11985988,4467275.0,2021-10-09,4:21,bbdb8b94-3680-4790-b21f-d610c663d419,Occupant,Unspecified,20083959.0,31.0,,,,,,,,,Registrant,,,M
843062,11983858,4466610.0,2021-10-12,8:00,b5ade700-e244-425b-ad2f-d9d14c894793,Occupant,Unspecified,20082723.0,68.0,Not Ejected,Does Not Apply,Does Not Apply,"Middle front seat, or passenger lying across a seat",Lap Belt & Harness,,,Does Not Apply,Passenger,,,F
844558,11985701,4467109.0,2021-10-12,15:20,ca7333c4-353d-464e-b2f2-387cd066e6ee,Occupant,Unspecified,20083801.0,47.0,Not Ejected,Does Not Apply,Does Not Apply,Driver,Unknown,,,Does Not Apply,Driver,,,M
850777,11985830,4422733.0,2021-06-01,16:45,c9036a0e-dcbf-4e56-b35b-2556b7be1efb,Occupant,Injured,20083879.0,23.0,Not Ejected,Conscious,Back,"Any person in the rear of a station wagon, pick-up truck, all passengers on a bus, etc",None,,,None Visible,Passenger,,,M
853117,11985380,4466802.0,2021-10-12,15:35,f8959788-7296-4cfe-9f7d-6edb0aff4e11,Occupant,Unspecified,20083604.0,8.0,Not Ejected,Does Not Apply,Does Not Apply,Right rear passenger or motorcycle sidecar passenger,Unknown,,,Does Not Apply,Passenger,,,M
865551,11598452,4397083.0,2021-03-05,17:45,66f1fe9f-2676-4e5d-9a13-63d6fc2dbd36,Occupant,Unspecified,19858176.0,18.0,Not Ejected,Does Not Apply,Does Not Apply,"Front passenger, if two or more persons, including the driver, are in the front seat",None,,,Does Not Apply,Passenger,,,M
865594,11598016,4396499.0,2021-03-05,17:09,33e158d6-2bd0-4e4e-8ee7-e963e10b982b,Occupant,Injured,19857943.0,42.0,Not Ejected,Conscious,Knee-Lower Leg Foot,Driver,Unknown,,,None Visible,Driver,,,F
865779,11596989,4396353.0,2021-03-05,4:46,30b8dae9-ad59-41fc-9039-537e53f21180,Occupant,Unspecified,19857337.0,53.0,,,,,,,,,Registrant,,,M
866341,11597323,4396163.0,2021-03-03,19:29,5df14dad-5b59-4152-9131-b674f5694702,Occupant,Unspecified,19857547.0,17.0,Not Ejected,Does Not Apply,Does Not Apply,Driver,Lap Belt & Harness,,,Does Not Apply,Driver,,,M
866489,11598196,4396629.0,2021-03-05,18:00,56734ae2-db44-4e3f-bfb8-5ac7627bfc04,Occupant,Unspecified,19858034.0,,,,,,,,,,Registrant,,,
866873,11597826,4396396.0,2021-03-04,4:00,2acdac25-c484-4956-ab34-9fb9997aee40,Occupant,Unspecified,19857825.0,33.0,,,,,,,,,Registrant,,,M
866924,11596655,4396200.0,2021-03-03,13:21,440dd182-8c7e-47ee-83a0-5693148462d1,Occupant,Unspecified,19857155.0,48.0,Not Ejected,Does Not Apply,Does Not Apply,Driver,Lap Belt & Harness,,,Does Not Apply,Driver,,,M
866964,11597959,4396489.0,2021-03-04,18:20,53a8d411-0445-460c-9d5c-dae5cdb988dd,Occupant,Unspecified,19857908.0,37.0,,,,,,,,,Registrant,,,F
877788,11986800,4464411.0,2021-10-05,14:57,514a1e2b-b54d-4265-addf-7ebe4e9a111a,Occupant,Unspecified,20084433.0,57.0,Not Ejected,Does Not Apply,Does Not Apply,Driver,Lap Belt & Harness,,,Does Not Apply,Driver,,,F
879153,11985314,4466748.0,2021-10-12,16:00,84d31fa6-ffc7-4ec1-a762-6c31e9d97df1,Occupant,Unspecified,20083563.0,32.0,,,,,,,,,Registrant,,,F
879486,12095426,4487412.0,2021-12-18,15:18,4bf3b6de-1375-47dd-9594-3b1fc31a4f06,Occupant,Unspecified,20147189.0,52.0,Not Ejected,Does Not Apply,Does Not Apply,Driver,Lap Belt,,,Does Not Apply,Driver,,,M
883606,11598105,4396979.0,2021-03-05,20:00,2c6ae21d-cbf7-4267-9f50-601f95c2c237,Occupant,Unspecified,19857993.0,44.0,Not Ejected,Does Not Apply,Does Not Apply,"Front passenger, if two or more persons, including the driver, are in the front seat",Unknown,,,Does Not Apply,Passenger,,,F
884865,11599225,4397098.0,2021-03-05,9:53,d6ab4d78-714a-4f21-9e68-eb19a5a46c00,Occupant,Unspecified,19858609.0,32.0,Not Ejected,Does Not Apply,Does Not Apply,Driver,Unknown,,,Does Not Apply,Driver,,,M
885118,11597574,4396488.0,2021-03-04,12:58,a2497050-63d3-4aeb-b12b-656b4a2cf252,Occupant,Unspecified,19857686.0,28.0,,,,,,,,,Registrant,,,M
885827,11598752,4397133.0,2021-02-26,9:28,b7889b79-5b60-4f69-b02b-ba6f5d91aa0b,Occupant,Injured,19858342.0,37.0,Not Ejected,Conscious,Back,Driver,Lap Belt & Harness,,,Complaint of Pain or Nausea,Driver,,,M
886398,11599738,4396720.0,2021-03-05,20:40,090da8ac-b3bc-4084-9bea-5551e7326eb3,Occupant,Unspecified,19858915.0,37.0,Not Ejected,Does Not Apply,Does Not Apply,Driver,Lap Belt,,,Does Not Apply,Driver,,,M
886656,11595678,4396029.0,2021-03-03,15:43,1b8bc68d-1c1d-4f01-9839-0c5bd8808124,Occupant,Unspecified,19856602.0,25.0,,,,,,,,,Registrant,,,M
889051,11595708,4396023.0,2021-03-03,19:00,130c3bd3-19dc-49d6-b511-b982754a33b2,Occupant,Unspecified,19856619.0,31.0,Not Ejected,Does Not Apply,Does Not Apply,Driver,Lap Belt & Harness,,,Does Not Apply,Driver,,,M
890009,11598845,4396989.0,2021-02-25,22:25,1aa5f0a0-77a5-48bf-bf19-c23bb33c02b3,Occupant,Unspecified,19858397.0,43.0,Not Ejected,Does Not Apply,Does Not Apply,Driver,Unknown,,,Does Not Apply,Driver,,,M
891029,11595702,4396030.0,2021-03-03,23:50,3d48ee2d-10e7-408d-afae-1e4ba4edc829,Occupant,Unspecified,19856614.0,44.0,,,,,,,,,Registrant,,,M
893756,11597549,4394631.0,2021-02-25,13:20,004e9dc7-6a7b-498d-9838-43293b7b98bc,Occupant,Unspecified,19857671.0,32.0,Not Ejected,Does Not Apply,Does Not Apply,Driver,Lap Belt & Harness,,,Does Not Apply,Driver,,,M
894510,11596628,4396201.0,2021-03-03,20:54,b80c99cc-cfa5-4cd0-8bb7-499f4206a2dc,Occupant,Unspecified,19857142.0,42.0,Not Ejected,Does Not Apply,Does Not Apply,"Front passenger, if two or more persons, including the driver, are in the front seat",Lap Belt,,,Does Not Apply,Passenger,,,M
894609,11597613,4396397.0,2021-03-04,17:50,9b12c116-10d5-41f9-9352-eb9d54ec77f3,Occupant,Unspecified,19857708.0,27.0,,,,,,,,,Registrant,,,M
895727,11598624,4396561.0,2021-03-05,16:39,32ab15ba-ff63-4e9d-9a80-744b0981d1de,Occupant,Unspecified,19858267.0,,,,,,,,,,Registrant,,,U
895761,11598498,4393051.0,2021-02-18,7:00,d82c2698-aff0-472a-86c4-e7bddb691d71,Occupant,Unspecified,19858189.0,29.0,,,,,,,,,Registrant,,,M
898618,11596998,4396243.0,2021-03-04,7:25,f1e5dba2-03dc-467c-9f5d-e18f27439a16,Occupant,Unspecified,19857340.0,55.0,Not Ejected,Does Not Apply,Does Not Apply,Driver,Lap Belt & Harness,,,Does Not Apply,Driver,,,M
901326,11598387,4396661.0,2021-03-05,15:30,8b68cab3-e3c0-4968-a273-a32943105baf,Occupant,Injured,19858137.0,38.0,Not Ejected,Does Not Apply,Knee-Lower Leg Foot,Driver,Unknown,,,Complaint of Pain or Nausea,Driver,,,M
901384,11595991,4396075.0,2021-03-04,0:05,1ecc812e-785e-4770-8284-131755309165,Occupant,Unspecified,19856760.0,44.0,,,,,,,,,Registrant,,,M
901427,11597674,4396286.0,2021-03-04,19:50,4add016b-48db-4f73-b7c3-e4560bfe005c,Occupant,Unspecified,19857747.0,,,,,,,,,,Registrant,,,F
901797,11598227,4396907.0,2021-03-05,12:22,b52d264e-e0eb-49d0-b73e-780127cb6378,Occupant,Unspecified,19858051.0,58.0,Not Ejected,Does Not Apply,Does Not Apply,Driver,None,,,Does Not Apply,Driver,,,M
901833,11599935,4396799.0,2021-03-05,20:50,795e3832-72cf-48b9-a2eb-dec51b423c3f,Occupant,Unspecified,19859064.0,68.0,Not Ejected,Does Not Apply,Does Not Apply,Driver,Unknown,,,Does Not Apply,Driver,,,M
903245,11597225,4396330.0,2021-03-04,0:00,0c4e8977-a9b9-4721-89a9-98c9cc472128,Occupant,Unspecified,19857477.0,,,,,,,,,,Registrant,,,
915129,11597903,4396464.0,2021-03-05,16:44,3cba514c-30d5-42c3-9086-867a63399f49,Occupant,Unspecified,19857872.0,27.0,Not Ejected,Does Not Apply,Does Not Apply,Driver,Lap Belt & Harness,,,Does Not Apply,Driver,,,M
915502,11596936,4396357.0,2021-03-03,19:30,c7b5546f-b492-437c-81d7-907b159f3aa9,Occupant,Unspecified,19857312.0,67.0,Not Ejected,Does Not Apply,Does Not Apply,Driver,Lap Belt & Harness,,,Does Not Apply,Driver,,,M
915916,11597283,4396239.0,2021-03-03,20:35,7f7ff966-ccc3-49e9-aaa1-ac9eebf5aa00,Occupant,Unspecified,19857518.0,67.0,Not Ejected,Does Not Apply,Does Not Apply,Driver,Lap Belt & Harness,,,Does Not Apply,Driver,,,M
916093,11597129,4396314.0,2021-03-04,11:40,05592321-d4b8-4a67-8e79-8c51bb463147,Occupant,Unspecified,19857424.0,,,,,,,,,,Registrant,,,
927500,11597699,4396496.0,2021-03-05,19:15,b2f45f51-a12a-4016-950c-26248be68312,Occupant,Unspecified,19857759.0,33.0,Not Ejected,Does Not Apply,Does Not Apply,Right rear passenger or motorcycle sidecar passenger,Lap Belt & Harness,,,Does Not Apply,Passenger,,,M
927969,11597431,4396539.0,2021-03-04,12:30,806a15af-5923-4466-b729-51f9c94ea808,Occupant,Unspecified,19857602.0,53.0,,,,,,,,,Registrant,,,M
928125,11597920,4396382.0,2021-03-04,19:20,20187c36-fd89-4ccc-a3d2-762cfbff93b5,Occupant,Unspecified,19857881.0,19.0,,,,,,,,,Registrant,,,F
928786,11599558,4396871.0,2021-03-04,18:00,ee25522e-7d4a-45bc-9d35-cbe992d86670,Occupant,Unspecified,19858810.0,,,,,,,,,,Registrant,,,U
929000,11600164,4396779.0,2021-03-05,3:25,839baf93-6e9a-4297-b05b-d95346b59957,Occupant,Unspecified,19859195.0,,,,,,,,,,Registrant,,,
930633,11599771,4397060.0,2021-03-05,23:30,cf12b553-cd47-4f4b-80d7-9992a267f1af,Occupant,Injured,19858935.0,35.0,Not Ejected,Conscious,Knee-Lower Leg Foot,Driver,Lap Belt & Harness,,,Complaint of Pain or Nausea,Driver,,,M
931000,11596589,4396249.0,2021-03-03,14:00,065b0946-2bb7-408b-9f5d-1b195b031a85,Occupant,Unspecified,19857120.0,,,,,,,,,,Registrant,,,F
945115,11986709,4467183.0,2021-10-08,0:00,79f42d8c-61ae-4607-9620-82b0299f0928,Occupant,Unspecified,20084378.0,41.0,Not Ejected,Does Not Apply,Does Not Apply,"Front passenger, if two or more persons, including the driver, are in the front seat",Lap Belt & Harness,,,Does Not Apply,Passenger,,,M
945251,11983818,4466613.0,2021-10-12,12:22,2c03913c-f992-4a8e-b57b-a130ca08df04,Occupant,Unspecified,20082706.0,,,,,,,,,,Registrant,,,U
945553,11983871,4466570.0,2021-10-12,14:50,a6f26907-afca-4ff8-9287-7125c42f63a9,Occupant,Injured,20082733.0,31.0,Not Ejected,Conscious,Neck,Driver,Unknown,,,Complaint of Pain or Nausea,Driver,,,F
947022,11985939,4466983.0,2021-10-12,0:17,1b5a3b04-9e36-47ec-96f2-99bdaaa513f2,Occupant,Unspecified,20083931.0,51.0,,,,,,,,,Registrant,,,M
947798,11986712,4467194.0,2021-10-08,20:52,d662568b-a5d6-41a7-86e4-1849a0a9d112,Occupant,Unspecified,20084383.0,52.0,,,,,,,,,Registrant,,,M
949948,11985350,4466909.0,2021-10-12,19:00,319385c7-981f-4736-b0df-0ea2c139824e,Occupant,Unspecified,20083584.0,40.0,Not Ejected,Does Not Apply,Does Not Apply,Driver,Lap Belt & Harness,,,Does Not Apply,Driver,,,M
949964,11984942,4466914.0,2021-10-12,15:00,60148fe2-1bc9-4643-9ff2-214cf7df43a2,Occupant,Unspecified,20083361.0,,,,,,,,,,Registrant,,,M
950213,11985898,4466305.0,2021-10-09,7:00,f2285d2d-f56b-436b-bfe0-c56c5e7ad8a1,Occupant,Unspecified,20083909.0,71.0,,,,,,,,,Registrant,,,M
954937,11986521,4466930.0,2021-10-02,14:25,3101b1f6-3790-429d-9830-631cab2cb5e7,Occupant,Unspecified,20084266.0,,Not Ejected,Does Not Apply,Does Not Apply,Right rear passenger or motorcycle sidecar passenger,Child Restraint Only,,,Does Not Apply,Passenger,,,M
955058,11984344,4466363.0,2021-10-12,0:14,b2701489-8e2e-445f-8971-5d0a28430b65,Occupant,Unspecified,20082998.0,,,,,,,,,,Registrant,,,U
955464,11986660,4466383.0,2021-10-12,7:45,bf60b5eb-beb5-47e6-b28d-345739110099,Occupant,Unspecified,20084345.0,31.0,,,,,,,,,Registrant,,,F
956029,11986183,4465552.0,2021-10-08,12:30,3e233b95-db84-492f-8db8-c6023689e8a2,Occupant,Unspecified,20084073.0,36.0,,,,,,,,,Registrant,,,M
956967,11599897,4396798.0,2021-03-01,20:12,6ca45506-53e7-4fd3-b2bf-6796c6577b7d,Occupant,Unspecified,19859033.0,22.0,Not Ejected,Does Not Apply,Does Not Apply,"Left rear passenger, or rear passenger on a bicycle, motorcycle, snowmobile",Unknown,,,Does Not Apply,Passenger,,,F
957324,11599113,4396578.0,2021-03-03,11:22,7ac12ba4-f597-4c95-8a58-ada2aff66157,Occupant,Unspecified,19858546.0,,,,,,,,,,Registrant,,,
960194,11599181,4396830.0,2021-03-04,9:40,3546022d-9415-498f-875f-3b003ad2df0f,Occupant,Unspecified,19858581.0,39.0,Not Ejected,Does Not Apply,Does Not Apply,Driver,Lap Belt & Harness,,,Does Not Apply,Driver,,,M
965609,11985844,4464939.0,2021-09-18,3:05,33db5a45-87cc-401d-af62-9bc4924bc867,Occupant,Unspecified,20083884.0,40.0,Not Ejected,Does Not Apply,Does Not Apply,"Front passenger, if two or more persons, including the driver, are in the front seat",Lap Belt & Harness,,,Does Not Apply,Passenger,,,M
967002,11984049,4466545.0,2021-10-12,12:40,793d08b1-847d-4730-ae18-bb6c07364dc2,Occupant,Unspecified,20082828.0,39.0,Not Ejected,Does Not Apply,Does Not Apply,Driver,Lap Belt & Harness,,,Does Not Apply,Driver,,,M
970519,11983992,4466468.0,2021-10-12,8:00,dcbeb023-224f-419b-a5bf-4e1b9e895a95,Occupant,Unspecified,20082801.0,53.0,Not Ejected,Does Not Apply,Does Not Apply,Driver,Lap Belt & Harness,,,Does Not Apply,Driver,,,M
970566,11986543,4467227.0,2021-10-08,22:38,6a7f0034-1681-41e7-b02a-b21bd7944150,Occupant,Injured,20084277.0,45.0,Not Ejected,Unknown,Unknown,Driver,Unknown,,,Unknown,Driver,,,M
971695,11983657,4466601.0,2021-10-12,21:49,902cd338-24ca-481d-812b-6bdea785b277,Occupant,Injured,20082612.0,46.0,Not Ejected,Unknown,Knee-Lower Leg Foot,Driver,Helmet (Motorcycle Only),,,None Visible,Driver,,,F
971859,11985079,4466708.0,2021-10-12,1:00,5a881474-012a-47f6-a70c-dea0275645a2,Occupant,Unspecified,20083438.0,39.0,,,,,,,,,Registrant,,,M
971895,11986178,4467231.0,2021-10-07,21:05,9b93853b-972c-4e28-a474-bb33238a7982,Occupant,Injured,20084072.0,21.0,Not Ejected,Conscious,Head,Driver,Unknown,,,Complaint of Pain or Nausea,Driver,,,M
976091,11599612,4397088.0,2021-03-02,19:13,5690181f-8b02-4b67-9cdf-58172e2727b3,Occupant,Unspecified,19858839.0,34.0,Not Ejected,Does Not Apply,Does Not Apply,"Front passenger, if two or more persons, including the driver, are in the front seat",Unknown,,,Does Not Apply,Passenger,,,M
979920,11595767,4396081.0,2021-03-03,14:30,65889354-5b5d-434b-bcb9-eb4bd6b41729,Occupant,Unspecified,19856640.0,,,,,,,,,,Registrant,,,
980020,11598030,4396501.0,2021-03-05,23:15,1732f74e-c6a8-4d79-918d-9328f08ef5a8,Occupant,Unspecified,19857950.0,35.0,,,,,,,,,Registrant,,,M
980395,11597341,4396278.0,2021-03-03,13:40,69b0c095-353a-47ef-8c12-e9ecc4a58a05,Occupant,Unspecified,19857557.0,72.0,Not Ejected,Does Not Apply,Does Not Apply,Driver,Lap Belt & Harness,,,Does Not Apply,Driver,,,F
993339,11984919,4466745.0,2021-10-12,0:15,1350a4cb-40ed-4f0e-9cb0-21f47dbcccc3,Occupant,Unspecified,20083346,54.0,Not Ejected,Does Not Apply,Does Not Apply,"Front passenger, if two or more persons, including the driver, are in the front seat",Lap Belt,,,Does Not Apply,Passenger,,,F
993542,11985660,4466698.0,2021-10-12,19:55,0af12f1f-71cb-4210-9c51-1696f3e01fd5,Occupant,Unspecified,20083779,31.0,Not Ejected,Does Not Apply,Does Not Apply,Driver,Lap Belt & Harness,,,Does Not Apply,Driver,,,M
994329,11984536,4466642.0,2021-10-12,19:00,f9b1bbc4-35b7-4ba7-aaf1-31adbe27c9e0,Occupant,Unspecified,20083123,45.0,,,,,,,,,Registrant,,,M
994767,11984678,4466604.0,2021-10-12,17:50,0b478137-7562-48bc-bf43-16219d796441,Occupant,Unspecified,20083210,57.0,Not Ejected,Does Not Apply,Does Not Apply,Driver,Unknown,,,Does Not Apply,Driver,,,M
